{
  "images" : [
    {
      "idiom" : "iphone",
      "filename" : "iPhonePortrait89@retina47.png",
      "scale" : "1x"
    },
    {
      "idiom" : "iphone",
      "filename" : "iPhonePortrait89@retina55.png",
      "scale" : "2x"
    },
    {
      "idiom" : "iphone",
      "filename" : "iPhonePortrait89@retina55-1.png",
      "scale" : "3x"
    },
    {
      "idiom" : "ipad",
      "filename" : "iPadPortrait79@1x.png",
      "scale" : "1x"
    },
    {
      "idiom" : "ipad",
      "filename" : "iPadPortrait79@2x.png",
      "scale" : "2x"
    }
  ],
  "info" : {
    "version" : 1,
    "author" : "xcode"
  }
}