{
  "images" : [
    {
      "idiom" : "ipad",
      "scale" : "1x",
      "filename" : "Desert8-iPad.png"
    },
    {
      "idiom" : "ipad",
      "scale" : "2x",
      "filename" : "Desert8-iPad@2x.png"
    },
    {
      "idiom" : "iphone",
      "scale" : "1x",
      "filename" : "Desert8-iPhone.png"
    },
    {
      "idiom" : "iphone",
      "scale" : "2x",
      "filename" : "Desert8-iPhone@2x.png"
    },
    {
      "idiom" : "iphone",
      "scale" : "3x",
      "filename" : "Desert8-iPhone@3x.png"
    }
  ],
  "info" : {
    "version" : 1,
    "author" : "MetaMakers"
  }
}