{
  "images" : [
    {
      "idiom" : "iphone",
      "filename" : "iPhone 7 Plus@1x.png",
      "scale" : "1x"
    },
    {
      "idiom" : "iphone",
      "filename" : "iPhone 7 Plus@2x.png",
      "scale" : "2x"
    },
    {
      "idiom" : "iphone",
      "filename" : "iPhone 7 Plus@3x.png",
      "scale" : "3x"
    },
    {
      "idiom" : "ipad",
      "filename" : "iPad Portrait@1x.png",
      "scale" : "1x"
    },
    {
      "idiom" : "ipad",
      "filename" : "iPad Portrait@2x.png",
      "scale" : "2x"
    }
  ],
  "info" : {
    "version" : 1,
    "author" : "xcode"
  }
}