bugs,bee,3.102188230741376e-7,62.00626976173449,1.0867278937051275,50.38206305278289,4.335288297331588,39.17820354272527,9.641913047683758,28.77942028922978,16.800604111948374,19.561358098606764,25.560443031824338,11.833255908370518,35.58737737806943,5.8912838585357505,46.5748947828471,1.9340445924609864,58.104664485147275,0.1203825374098102,69.77528236486312,0.4828345380816892,81.16300222130828,3.018179167310108,91.88171604215549,7.6629911110462805,101.52739593337768,14.231902942839092,112.16674409162968,25.560443031824587,118.10871614146447,35.58737737806968,122.0659554075392,46.574894782847345,123.87961746259039,58.10466448514754,123.51716546191851,69.77528236486336,120.98182083269009,81.16300222130853,116.33700888895393,91.88171604215574,109.7680970571611,101.52739593337793,98.43955696817562,112.16674409162994,88.41262262193052,118.1087161414647,77.42510521715286,122.06595540753946,65.89533551485265,123.87961746259064,54.224717635136834,123.51716546191876,42.836997778691675,120.98182083269035,32.118283957844454,116.33700888895419,22.47260406662227,109.76809705716136,11.833255908370266,98.43955696817585,5.891283858535497,88.41262262193078,1.934044592460733,77.42510521715309,0.12038253740955704,65.89533551485293,3.102188230741376e-7,62.00626976173449,3.102188230741376e-7,62.00626976173449,3.102188230741376e-7,62.00626976173449
bugs,bird,0.032401511468968636,72.59170475087154,2.0943411125285225,57.110275576909075,19.15360763837451,18.644923292301428,24.420123458943912,12.850213407559952,34.151417887813636,6.310385135374852,45.14054272995759,2.159154559114162,56.724431660489294,0.2032891177631555,68.4806327535648,0.3076668103586405,80.02184373050108,2.4807939185151424,90.9124262393398,6.864070356451969,100.47536838646894,13.671494895508099,107.47799171331701,23.04506582895108,121.02294363933197,54.54068094354594,123.7401672189323,65.95908996134156,121.68052613694744,85.30709933846839,116.67278484513497,95.94071278879792,109.380038339077,105.13534126487446,100.33286888806998,112.62836233532263,90.03743304654165,118.2684636777594,67.27403839747933,123.81042926719454,43.950400293159674,121.71285912453553,32.85985129893777,117.77639156118079,22.669995196695513,111.94080292636295,13.775041780957332,104.25945686573343,6.697425209124204,94.90716438514067,0.34537612301087933,76.49992759365503,0.032401511468968636,72.59170475087154,0.032401511468968636,72.59170475087154,0.032401511468968636,72.59170475087154
bugs,butterfly,0.15952809636410592,58.02523956364695,2.38858327487347,43.10340800101188,12.727147662757126,22.95367327009764,23.032718607457625,11.833685076682029,42.66806721450276,0.5058779757134055,75.9428049907005,0.12128021882059414,83.30470422155108,1.230255913483333,96.6271440494063,8.498959274131611,107.82570254426315,18.680763694740147,116.54725654050367,31.087206218008703,123.75465181423215,52.567607229883706,120.52822869837871,77.82956045928981,114.68136960912037,91.79912018538661,99.68591382115525,108.7615822881566,86.65464249753211,116.41769607164196,42.91077434300431,117.36694755353042,35.53903427240552,115.75545941312862,22.82925488325228,107.54912583972529,12.445836097152037,96.50782077783663,5.15849649150113,83.25030059034691,3.075168733363714,75.95837894552221,0.15952809636410592,58.02523956364695,0.15952809636410592,58.02523956364695,0.15952809636410592,58.02523956364695
bugs,caterpillar,0.906639235975625,12.066167949718139,1.1531369466142007,8.033269870924077,18.47237507581167,0.7205459844806938,46.6945333826074,14.985941220586811,53.51366864869458,20.09713092974017,117.50341353367776,89.86173336533363,119.87416058019949,97.95543859090677,119.25188494232057,102.16221860755665,110.13464092921248,115.63599116346589,107.2599457904802,118.4855327061524,87.31317499833926,121.97092690260598,64.72807528026776,114.82286351569704,6.0786263699127225,33.643523606237856,2.8405249730173683,25.849738012546467,0.906639235975625,12.066167949718139,0.906639235975625,12.066167949718139,0.906639235975625,12.066167949718139
bugs,firefly,0.007381837989669293,63.722980762599185,0.7866792339551586,52.083723561825614,3.7369134179774544,40.800642868745335,8.733816153626865,30.24914432571341,15.618410028522502,20.832033314640668,24.16159948648139,12.87534598386986,37.579825228950334,5.011590834355591,48.690386791248336,1.4373846184019214,60.27701923740113,0.007381837989214546,71.91627643817473,0.7866792339547004,83.19935713125497,3.736913417977,93.75085567428691,8.733816153626414,103.16796668535963,15.618410028522048,111.12465401613045,24.161599486480945,118.98840916564473,37.57982522894989,122.56261538159836,48.690386791247896,123.9926181620111,60.27701923740069,123.21332076604563,71.9162764381743,120.26308658202328,83.19935713125452,115.2661838463739,93.75085567428647,108.38158997147826,103.1679666853592,99.83840051351937,111.12465401613002,89.95866839432207,117.33838249078008,75.30961320875241,122.56261538159794,63.72298076259964,123.99261816201064,52.083723561826055,123.21332076604517,40.79475111380892,120.26094248872624,30.249144325713868,115.26618384637345,20.83203331464112,108.38158997147781,12.875345983870309,99.8384005135189,6.66161750922025,89.95866839432165,2.3956182712615752,79.08394578330098,0.24140450533554159,67.62943543690807,0.007381837989669293,63.722980762599185,0.007381837989669293,63.722980762599185,0.007381837989669293,63.722980762599185
bugs,frog,0.030231624862523176,67.91628296201227,3.283282829173959,52.48247343116185,15.930368722188172,24.352619324939308,19.964414193176836,17.5653204252475,30.547705208163304,5.97420798662613,37.58286204865224,2.636132256730682,64.97665212949094,0.06439980812242396,88.36429298426327,3.0467723050366455,91.92446901433985,4.7422823448715565,102.78565849344375,16.062386072040148,107.24187909123634,22.568939899141157,121.41507453082185,54.35805902951746,123.99891649267445,69.90937055647524,123.26541511587234,77.7975071604422,119.69812550572432,89.08091407658466,108.1690419901795,105.06233464279214,91.9798054654322,116.11998140660384,70.6260511160995,123.41444427364809,44.292224909680854,121.32583534563886,30.135647878924164,115.54948600699117,20.314236229155245,108.93041727807565,11.738978897821692,100.71438203189308,5.163611006869766,90.85813743455066,1.1243967996741688,79.71888719002487,0.05611686662043601,71.87354389991808,0.030231624862523176,67.91628296201227,0.030231624862523176,67.91628296201227,0.030231624862523176,67.91628296201227
bugs,ladybird,3.1021885149584705e-7,62.00626976173449,1.0867278937051559,50.38206305278288,4.3352882973316165,39.17820354272527,9.641913047683788,28.77942028922977,16.8006041119484,19.561358098606757,25.560443031824366,11.83325590837051,35.587377378069455,5.891283858535744,46.57489478284712,1.934044592460979,58.10466448514732,0.12038253740980309,69.77528236486313,0.4828345380816821,81.16300222130829,3.018179167310101,91.88171604215552,7.662991111046274,101.5273959333777,14.231902942839088,112.16674409162971,25.560443031824583,118.10871614146448,35.587377378069675,122.06595540753924,46.57489478284734,123.87961746259042,58.10466448514754,123.51716546191852,69.77528236486336,120.98182083269012,81.16300222130852,116.33700888895396,91.88171604215574,109.76809705716113,101.52739593337793,98.43955696817565,112.16674409162994,88.41262262193055,118.1087161414647,77.42510521715289,122.06595540753946,65.89533551485269,123.87961746259066,54.22471763513686,123.51716546191878,42.83699777869171,120.98182083269035,32.11828395784448,116.33700888895419,22.4726040666223,109.76809705716136,11.833255908370294,98.43955696817585,5.891283858535527,88.41262262193078,1.9340445924607617,77.42510521715309,0.12038253740958546,65.89533551485292,3.1021885149584705e-7,62.00626976173449,3.1021885149584705e-7,62.00626976173449,3.1021885149584705e-7,62.00626976173449
bugs,snail,0.915467605960508,31.258097309574897,12.301030502856126,0.10369001431368075,29.55655103273982,0.05627996641715072,99.53576630796931,28.318873709929502,107.44172805737276,35.525158784991376,115.06626244886564,49.597522910856824,121.55783557469817,99.19231035601533,119.56861793476764,103.25702146737528,39.07492129563797,103.5870108695658,23.47743021755072,100.35218577930041,15.42397186344284,93.3923833607619,10.878558847669316,83.74333945749932,1.210844952128787,36.5355004150458,0.915467605960508,31.258097309574897,0.915467605960508,31.258097309574897,0.915467605960508,31.258097309574897
bugs,spider,0.31461172076406996,77.89705731139651,0.5122809500708911,43.037394780716596,18.782960582925014,14.253252439766689,49.425585383966386,1.876109511170898,54.31103125811764,0.4280681231666321,64.44069518226229,0.6079000439799722,95.80194908322136,10.946012163899363,117.63012200483197,42.584003000516894,117.8294646511041,77.51393349950635,96.69561729704736,110.45154031604051,25.272406711937915,112.20513361235459,21.456812019135,109.72491329125123,1.8767219434089464,82.29627024196472,0.31461172076406996,77.89705731139651,0.31461172076406996,77.89705731139651,0.31461172076406996,77.89705731139651
farm,bunny,0.8153665322536483,1.7968815126864262,3.454816483774404,0.6429846423357195,104.56519644075934,0.5716651737538996,107.02439036901565,1.9672001320284471,97.13799214564933,106.0346561599186,92.55145080102056,115.01644287706493,83.95689363277734,120.29806240276784,78.92953387376083,120.9762818912156,23.745982976185974,120.24300912720246,15.192682004099781,114.87867419036611,12.338286434225887,110.68280693173831,10.137390824370234,100.8167131811423,0.8153665322536483,1.7968815126864262,0.8153665322536483,1.7968815126864262,0.8153665322536483,1.7968815126864262
farm,chick,0.015801616886982117,70.69199703655929,1.4756723264373,58.770437572313234,20.45187359931477,21.519580700202944,28.637023304480913,12.704260625409825,43.7194020211489,0.9895901812157748,47.64139523579929,0.4606635448658731,61.70074733814375,0.40958295775478604,83.13314923542268,16.813221170176433,89.89942621753136,26.71502594868755,105.61459819574588,58.06754836625443,107.1195228471993,65.94565686303619,107.16458953585547,73.97605919854144,104.54262688507865,85.70238204291789,101.11158842090512,92.97038156916662,93.83268130790069,102.5223210629778,77.42651981848354,113.94144895367458,58.05430531070568,118.8175712169917,38.14896598864299,116.90296631111494,20.133278784639423,108.26186842666698,6.6055043350943725,93.6042635609628,1.7747390998609947,82.58695782281254,0.24596965817199506,74.7108430709097,0.015801616886982117,70.69199703655929,0.015801616886982117,70.69199703655929,0.015801616886982117,70.69199703655929
farm,cow,0.6882468394747647,59.99708592117501,3.173860380504973,4.208169681687418,5.437314976703193,0.0317124469479495,118.21785703974874,0.03282925802309333,120.47960131587791,4.210704464968333,121.94503053795177,59.98977133523452,118.39493405819476,95.74479185323095,115.27990329032667,105.3390919096362,108.39656039451305,112.72078804012696,99.24336290928446,117.0386859049341,89.25674914747529,118.82058172526796,28.289797645264787,118.18950856752305,18.595926616692093,115.21504875925451,10.363133688725686,109.35620127646392,7.338474351909228,105.28197374776325,4.248337759233809,95.66916905035312,0.6882468394747647,59.99708592117501,0.6882468394747647,59.99708592117501,0.6882468394747647,59.99708592117501
farm,dog,0.6739314310882918,34.872093683229544,2.898148823310881,22.646943268858124,7.196572870991101,15.523225324823736,13.311510061672283,9.887302279624521,24.51232893796212,4.401112929729849,60.729498430371805,0.6793233108982193,96.99712924643653,4.057086295185415,111.6955792936299,11.719372058116123,117.23805379802728,17.92302601833054,120.74471483190736,25.45708210979242,121.8556908804345,46.20634486514546,119.30228296737484,71.06608621480447,116.25760949113572,78.80166483281681,87.78103146922416,108.03530317870332,65.97351568921124,121.06335269335821,57.809648586356296,121.49069746680883,35.861761806411515,108.74712545663732,7.122464968243113,79.73116479518396,3.6471983662642096,72.22781218555895,2.069567322228737,64.02660310795247,0.6845030266303237,39.045366536015436,0.6739314310882918,34.872093683229544,0.6739314310882918,34.872093683229544,0.6739314310882918,34.872093683229544
farm,hamster,0.7141688597858078,31.221571609377936,4.109732206599322,15.738053315368228,10.717399230472555,7.387655609578119,19.90004244544486,1.9959680283672567,30.4100284850672,0.39876501394266484,99.82643444110147,1.1325083147324522,104.88482536482897,2.8549113546932228,113.5888858695651,8.952291666666612,119.5280429438159,17.788542576228245,121.9415667528454,28.160446913769825,121.63569148049785,102.74678982175921,120.12397836596159,107.33743875205715,111.76884006127449,115.42630572748381,107.67097460212,117.93286128933099,60.18002900616816,120.91934926647556,12.740272079166727,117.72498785958855,0.9804811124421643,105.70563676281279,0.7141688597858078,31.221571609377936,0.7141688597858078,31.221571609377936,0.7141688597858078,31.221571609377936
farm,horse,0.6779483861260971,2.0332867563159542,43.04937360342702,0.7259910134037568,82.2337829930621,2.1775670334178434,75.9190627202081,61.78888830660983,64.1160313801455,109.02443473250474,60.30339074104048,115.45801640547167,54.23370307593392,119.77863326457542,43.253133217496504,121.94753901162275,32.08938711455945,120.93697494600276,25.286244610731185,117.86550994617323,18.740454015733235,108.88146099360611,5.426741081029974,54.29108825795354,0.9778592304968302,5.776511068661294,0.6779483861260971,2.0332867563159542,0.6779483861260971,2.0332867563159542,0.6779483861260971,2.0332867563159542
farm,mouse,0.6742429321047254,28.696973986233303,1.382447082311511,22.507337791942174,6.702611419956618,11.343485246768234,16.23678044477989,3.4775029195522094,28.207934513039945,0.36180352961467577,98.56069652883946,0.8137188597434984,109.95150756241881,5.622269636033473,114.60936180905,9.754718132324088,120.72943048316509,20.486768452107906,121.89124220417821,26.597396922224913,120.39540653543901,104.28897649899831,107.81104421499433,114.78385259200178,11.272116780306716,113.24369595367388,0.7548349907924259,100.71161262815679,0.6742429321047254,28.696973986233303,0.6742429321047254,28.696973986233303,0.6742429321047254,28.696973986233303
farm,pig,0.6912789716210099,67.454304375288,1.03375944804666,17.979399741524063,4.683616702709889,1.1579593092867286,8.504363421380155,0.10966583552726661,117.43910514309067,0.2715053863847159,120.40201405844383,8.303496333683178,121.9520406448311,21.171964512667987,121.66930145728969,74.92074036773771,116.38253027442158,91.24302640391318,110.89047484912493,97.91973366375818,103.92404283332675,102.99284914377611,87.71639767023913,108.90579916313753,70.55650680292365,111.08303318428966,44.64409203662332,110.47202913547166,27.724131089594472,106.94292927418442,16.05583028635167,101.32698579126735,6.910332668951065,92.22851802561502,3.0805592006282154,84.49205612017235,0.7460889678149374,71.77342418014022,0.6912789716210099,67.454304375288,0.6912789716210099,67.454304375288,0.6912789716210099,67.454304375288
farm,ram,0.6958002972688462,50.79328679467264,1.8407463908474009,42.973583013140086,4.944698753239944,35.6767228087856,25.206155150849504,7.199829505384972,35.2897294932441,1.1084417978011494,51.024575189768946,0.3518385599923022,66.21746201012341,4.6813795354449335,112.72017269458475,32.4846959904644,117.96539396149268,38.42082254868777,121.44798306324873,45.52220095402416,123.69013721355354,57.1958642936997,123.3581920037162,69.08083837599956,120.16072650300131,80.51489515563891,106.58812709716614,104.53096867401067,101.31747236059627,110.42313387523201,97.69376456169536,111.9007460696354,49.85523405584301,111.42772286079045,4.566064779879824,61.76872564676957,1.0889440514580855,54.74824666445002,0.6958002972688462,50.79328679467264,0.6958002972688462,50.79328679467264,0.6958002972688462,50.79328679467264
fruit,grapes,0.47172841206919003,3.963134604284326,2.059355219356524,0.10499939125520541,6.1768276141275695,0.7576225276615691,67.26983605699593,17.412660924288407,75.25553511017341,21.464875752058976,100.95971522445825,40.8181099131092,107.26185693665306,47.16929270822746,110.7493581018006,55.41173701899191,117.96385518232108,98.35954035023978,113.69277948348414,110.97168727632342,103.26448129430656,119.26840512481921,94.47458313721998,120.9782533148424,57.82907891770954,120.78621156484122,14.943987282598988,107.39840963709852,6.026219274734051,97.50707093943709,3.7569378715338706,88.8533566683658,0.47172841206919003,3.963134604284326,0.47172841206919003,3.963134604284326,0.47172841206919003,3.963134604284326
fruit,green apple,0.030164606379052827,57.074048295394554,5.135580510127847,7.4862328169621755,60.57752812079729,0.677955791639711,94.7558614376344,34.77182129284622,98.87950597932917,42.59377418361041,100.54485872106036,51.315563790804,98.0323294841908,77.7691391376915,90.7174837603969,98.70341313960373,83.85568577741074,110.11338772861376,77.93245830883325,116.73063373292527,70.44477176117269,121.40697415318843,66.06649909873863,121.96572264074871,31.480171958192887,121.75114253056813,23.720354662180302,117.59177498771601,14.999054356625209,107.55710427657436,8.617556618494413,95.86903368861908,2.9313001165696533,79.0668900378601,0.2329094990426208,61.50487200090547,0.030164606379052827,57.074048295394554,0.030164606379052827,57.074048295394554,0.030164606379052827,57.074048295394554
fruit,lemon,0.9770669599550459,2.3930578994615987,4.893291911564925,0.4876458120428495,83.10829418055403,8.990070681628973,109.66641101570758,38.19582140223112,118.38026311750764,54.91585976081262,122.12616137608134,78.15242878205319,116.43941438079884,115.00821470015802,113.22342441742543,118.1783544493141,75.64710137568085,120.29544273280564,61.7163121397991,117.87012838707724,48.84244707225491,111.97338103014258,7.957531860469975,85.42416051269572,6.098789277467892,81.6809424530806,1.7950078351658125,49.013498550060724,0.9770669599550459,2.3930578994615987,0.9770669599550459,2.3930578994615987,0.9770669599550459,2.3930578994615987
fruit,melon,0.7309634567292349,63.96305888646167,1.5151485816291617,52.798733897570045,4.520639828919991,42.00929275826256,23.386342663353336,2.2097708507799645,26.556021032845635,0.570148462413016,72.17951335212075,13.851509163332592,88.54733339939352,22.713632369210632,96.82998278390383,30.239356149230773,103.16561045650963,39.45917612261009,108.3204785057855,53.449775788861686,109.72966922382653,64.55544736268982,108.94666682588687,75.7255056297066,105.98126835312172,86.50938634386505,96.41559121617337,102.45353584607612,88.21094620862934,110.09017570675906,78.62712177302197,115.84041546480695,68.10138046714718,119.68076851508776,57.03828845286198,121.37171563781412,45.85621181500747,120.72158699272812,35.10681610907422,117.65965150198763,19.53291094120199,107.52438570246487,12.295817114142851,98.99224774955644,6.80953855625094,89.22344740679222,0.9486387621555362,67.6916543234778,0.7309634567292349,63.96305888646167,0.7309634567292349,63.96305888646167,0.7309634567292349,63.96305888646167
fruit,orange,0.19776942585667712,18.325124749233527,0.44748150635218953,14.370319854704569,42.463227209191345,1.062150705479906,55.126034725167116,0.41299281599307847,67.6862799215385,2.357675943584475,96.5267845447437,19.319485564271023,106.15465584775924,27.584028344995463,115.64138421393586,41.581836539765895,120.46286422526768,57.77882499023606,119.34388978992173,78.81677971979455,110.45309366231109,97.93928721181958,95.10036411047818,112.37711565988641,75.47892994270993,120.06347868067408,54.40869753534434,119.89599814870496,34.90412667346491,111.88918818133139,25.163321005013792,103.77017627916764,17.491911767557454,93.64399920884351,10.414983546247212,73.79373949445879,0.19776942585667712,18.325124749233527,0.19776942585667712,18.325124749233527,0.19776942585667712,18.325124749233527
fruit,peach,0.3919686613937756,61.652014462552714,1.6101986432721673,15.975936361172366,19.363014805111444,3.93854850039543,35.98500223436576,0.1057563067938645,83.03493679375704,3.440081101978083,91.36640669636706,5.514012822249743,98.8834946587185,9.676152322505066,102.18868274019606,12.4299359290173,117.76414401881739,42.39907537459281,120.92131622583837,59.23807875260872,118.04360166150013,76.09752936068313,106.73540241351044,94.28569779208429,87.10623395247178,110.95593413985705,68.09393971165017,120.58100444027926,42.94325152254972,115.03054119117508,31.109209941238174,109.88779032324292,20.29881971380954,102.85297483803593,11.211710958256232,93.71361686535519,6.5267985142570755,86.5050740282908,3.158722565458086,78.59860844862466,0.6192434744964759,65.9466472152307,0.3919686613937756,61.652014462552714,0.3919686613937756,61.652014462552714,0.3919686613937756,61.652014462552714
fruit,pear,0.869421567045741,3.26799086730343,3.293087985102965,0.7673999232205873,6.709352428546341,1.2564563738156167,91.90506995247236,49.37073362712495,99.69422279452561,56.710674909343346,103.64506738738214,66.66611898818564,102.39251243441373,80.86404981585181,94.06649281495021,96.70200549235793,81.83522808099275,109.84284890549293,66.03972192924226,118.16990325921412,51.812620934743464,119.60036044792878,38.066794016835765,115.67014377051396,27.084653602172274,106.55350286814075,22.35320060667206,96.93661618841637,1.0519969826952238,6.803671215873767,0.869421567045741,3.26799086730343,0.869421567045741,3.26799086730343,0.869421567045741,3.26799086730343
fruit,red apple,0.02457572697925059,55.83169088139139,1.2950117601767928,43.18633160432385,7.337784586262907,32.08634474024964,58.945901210057485,0.003330204176108964,93.86097945664973,12.339994164345327,100.27243963684425,16.804493259688453,100.51772297944855,58.95217138882411,97.25641922347916,79.93060697979362,87.6070464007927,103.4683530743732,80.02018003914456,113.69330359272313,73.44846447130915,119.04459987280013,65.30582069964638,120.93925379520351,32.235079103296535,120.88456470610402,24.614255380583923,117.30495601445782,15.980314125657687,107.98227847351794,7.842563282994985,93.0772892036464,2.653255827332798,76.88982825483306,0.20528325645596004,60.08118444566512,0.02457572697925059,55.83169088139139,0.02457572697925059,55.83169088139139,0.02457572697925059,55.83169088139139
fruit,strawberry,0.7375686973967461,48.11530794855137,1.8036309921576865,39.94346622903224,11.175307915616514,12.06261572404398,17.72410751798507,4.701355658923454,53.32656828028601,0.7165920359999376,71.01831879661518,3.004573546855315,94.89119391273803,26.54887458046866,99.30148453015241,33.504326768917785,101.55835942499886,41.39552977702954,100.76088053976312,49.55213376159397,83.72012898736929,104.11607429437572,75.46672001984678,113.12616009104978,60.59864073869261,120.06452734562022,48.701905955578034,117.68136370794521,36.069114496651764,107.18072512204454,6.71020393464098,67.41792010736103,2.742571330433278,60.20985223128256,0.7577128323985113,52.23448325684027,0.7375686973967461,48.11530794855137,0.7375686973967461,48.11530794855137,0.7375686973967461,48.11530794855137
misc,alien,0.368242391628371,60.24839851892772,1.242762142600861,49.172969934925284,4.196368578826572,38.46638218532201,9.12101501742531,28.523683685660174,15.838439014358634,19.675172822581427,24.09168561552173,12.244771264674775,33.588139483329286,6.497312529805434,43.99635001325819,2.6471238094892775,54.95833419154626,0.833618237117939,66.06755195927506,1.0999828014274557,76.91404571074646,3.4406967730490603,87.12858496207386,7.795274816669972,96.3348191052439,13.994560404159644,106.51379391265431,24.74408918077204,112.19928758551634,34.27776587988921,115.9787624335926,44.71365396074142,117.71310144481764,55.682485918047085,117.63338938037946,63.08678640466077,115.02502239875797,73.86113633691909,110.1674274353844,83.84448875640862,101.461128181004,95.83777941540947,79.48413052180524,115.61824178992987,66.63606723155937,122.96816831863043,59.52438627873169,124.96628157463809,52.34862906045883,123.30138788376021,42.52038524215327,118.13734915306904,22.348086445528633,101.91727887358002,6.616352237705784,81.38660919502314,0.6504770485146032,63.94156949611901,0.368242391628371,60.24839851892772,0.368242391628371,60.24839851892772,0.368242391628371,60.24839851892772
misc,blue heart,0.04804137979254364,32.03883064648472,1.290505819428899,24.606923711581462,6.1776947865275345,14.44094523609019,14.113218711524661,6.452710679254392,24.236858066714003,1.4605191526089119,31.630608423784686,0.09465151040830296,90.40262613116886,0.005231740748236291,101.49394961913953,2.031694941442581,114.13477288621209,10.066874341544159,122.11340821178561,22.73449425403118,124,33.84826467928528,122.37378079519922,45.02695864557091,118.72008590627573,55.738178968027086,106.93670072122023,75.0012083488621,85.59098092136955,96.28271239058662,62.91736154981016,109.66047511525036,55.95477654679802,107.43650520568434,43.014369545637024,99.70658484132483,20.712905852299258,79.44041657369138,6.095212537962328,57.52489786685145,2.109200811033992,46.93676118715398,0.06218199608610417,35.81869854844243,0.04804137979254364,32.03883064648472,0.04804137979254364,32.03883064648472,0.04804137979254364,32.03883064648472
misc,bomb,0.6912170190643963,75.2174063169321,2.5540213172873063,62.710538183915,7.6432284732793985,51.12404358161061,15.573425961699591,41.28757519196654,25.802825901151923,33.8442634927645,108.6989570348867,0.7716571619017571,116.86870667057168,2.387620060118632,122.5905194885943,8.433657363572273,123.75373726088442,16.67801009830923,122.41878583897973,20.670484639715365,92.32691814552368,95.71974410702494,85.64160561141803,106.45880421073824,72.83766773808735,117.38515511252164,65.20298200121178,120.99868172967135,52.85787918922351,123.76077811021543,40.226545424889196,123.21324063607055,28.165958587232197,119.3747711631756,17.549835650517153,112.51326498511064,9.07426608892534,103.10822580580994,3.358657765179186,91.83504464027034,0.8063684797472245,79.45116170719984,0.6912170190643963,75.2174063169321,0.6912170190643963,75.2174063169321,0.6912170190643963,75.2174063169321
misc,diamond,0.7243658409486287,30.255980181100075,20.24039265870798,5.147244082226114,27.814083143946107,0,96.81516839378969,9.013581413188852e-16,103.6288055124493,6.705348022666838,116.04424322590887,22.600300234768774,118.98089137262812,30.197368421052488,117.35468203097187,35.56864825179336,61.326086956522346,100.65789473684197,0.7243658409486287,30.255980181100075,0.7243658409486287,30.255980181100075,0.7243658409486287,30.255980181100075
misc,green heart,0.04804137979254364,32.03883064648472,1.290505819428899,24.606923711581462,6.1776947865275345,14.44094523609019,14.113218711524661,6.452710679254392,24.236858066714003,1.4605191526089119,31.630608423784686,0.09465151040830296,90.40262613116886,0.005231740748236291,101.49394961913953,2.031694941442581,114.13477288621209,10.066874341544159,122.11340821178561,22.73449425403118,124,33.84826467928528,122.37378079519922,45.02695864557091,118.72008590627573,55.738178968027086,106.93670072122023,75.0012083488621,85.59098092136955,96.28271239058662,62.91736154981016,109.66047511525036,55.95477654679802,107.43650520568434,43.014369545637024,99.70658484132483,20.712905852299258,79.44041657369138,6.095212537962328,57.52489786685145,2.109200811033992,46.93676118715398,0.06218199608610417,35.81869854844243,0.04804137979254364,32.03883064648472,0.04804137979254364,32.03883064648472,0.04804137979254364,32.03883064648472
misc,pumpkin,0.361872993336938,74.17985047067424,2.812696225230187,53.471890940816564,11.431461306541847,34.533544431708826,19.876994485722275,25.297217109731097,54.58734356418343,0.6922703718131535,62.958519610353406,0.6888274956158895,87.5577234256829,5.462773511727152,97.85773767955948,12.415446128099914,102.71380443522497,19.207459321338735,113.4402197931951,47.34610572861141,117.38564533015912,67.81306774842832,115.60732067269916,92.77663826582457,109.32021928664153,108.17618707393268,103.83332594128046,114.46741900048713,96.92306591854722,119.12176740365442,76.75785909850188,124.17451232402777,39.159033111401456,123.98312234877764,26.87662665657922,121.52280843537687,19.215159269258347,118.16309485386452,12.59964535972125,113.08555753514338,5.585538165635209,102.77625035470527,1.8839691723050744,90.81600128439416,0.4740292108210776,78.36314143741109,0.361872993336938,74.17985047067424,0.361872993336938,74.17985047067424,0.361872993336938,74.17985047067424
misc,purple heart,0.04804137979254364,32.03883064648472,1.290505819428899,24.606923711581462,6.1776947865275345,14.44094523609019,14.113218711524661,6.452710679254392,24.236858066714003,1.4605191526089119,31.630608423784686,0.09465151040830296,90.40262613116886,0.005231740748236291,101.49394961913953,2.031694941442581,114.13477288621209,10.066874341544159,122.11340821178561,22.73449425403118,124,33.84826467928528,122.37378079519922,45.02695864557091,118.72008590627573,55.738178968027086,106.93670072122023,75.0012083488621,85.59098092136955,96.28271239058662,62.91736154981016,109.66047511525036,55.95477654679802,107.43650520568434,43.014369545637024,99.70658484132483,20.712905852299258,79.44041657369138,6.095212537962328,57.52489786685145,2.109200811033992,46.93676118715398,0.06218199608610417,35.81869854844243,0.04804137979254364,32.03883064648472,0.04804137979254364,32.03883064648472,0.04804137979254364,32.03883064648472
misc,red heart,0.04804137979254364,32.03883064648472,1.290505819428899,24.606923711581462,6.1776947865275345,14.44094523609019,14.113218711524661,6.452710679254392,24.236858066714003,1.4605191526089119,31.630608423784686,0.09465151040830296,90.40262613116886,0.005231740748236291,101.49394961913953,2.031694941442581,114.13477288621209,10.066874341544159,122.11340821178561,22.73449425403118,124,33.84826467928528,122.37378079519922,45.02695864557091,118.72008590627573,55.738178968027086,106.93670072122023,75.0012083488621,85.59098092136955,96.28271239058662,62.91736154981016,109.66047511525036,55.95477654679802,107.43650520568434,43.014369545637024,99.70658484132483,20.712905852299258,79.44041657369138,6.095212537962328,57.52489786685145,2.109200811033992,46.93676118715398,0.06218199608610417,35.81869854844243,0.04804137979254364,32.03883064648472,0.04804137979254364,32.03883064648472,0.04804137979254364,32.03883064648472
misc,yellow heart,0.04804137979254364,32.03883064648472,1.290505819428899,24.606923711581462,6.1776947865275345,14.44094523609019,14.113218711524661,6.452710679254392,24.236858066714003,1.4605191526089119,31.630608423784686,0.09465151040830296,90.40262613116886,0.005231740748236291,101.49394961913953,2.031694941442581,114.13477288621209,10.066874341544159,122.11340821178561,22.73449425403118,124,33.84826467928528,122.37378079519922,45.02695864557091,118.72008590627573,55.738178968027086,106.93670072122023,75.0012083488621,85.59098092136955,96.28271239058662,62.91736154981016,109.66047511525036,55.95477654679802,107.43650520568434,43.014369545637024,99.70658484132483,20.712905852299258,79.44041657369138,6.095212537962328,57.52489786685145,2.109200811033992,46.93676118715398,0.06218199608610417,35.81869854844243,0.04804137979254364,32.03883064648472,0.04804137979254364,32.03883064648472,0.04804137979254364,32.03883064648472
plants,blossom,0.4939180616767018,55.25149389209871,6.209785463993284,36.53337082361177,9.800785531031476,32.07630537400618,46.71039657321255,4.44211738749925,57.41089115436694,0.8243684338381954,70.89825295005627,1.3612887099140623,76.25096947421022,3.3955157821296122,115.75506957465552,33.18225148845806,118.92884370500931,37.9436112915726,123.92935567173589,56.85063156653194,109.1998540875048,105.62011144309693,106.45119387852728,110.63936803802167,91.10811310767559,122.35203258459657,85.57851183329723,123.77565546832818,36.739801445102685,123.5059394224696,31.40898919775555,121.42103719188822,20.410275324523365,113.31129295677647,16.72486217535971,108.93624483151109,1.1073305447740154,60.93551544009861,0.4939180616767018,55.25149389209871,0.4939180616767018,55.25149389209871,0.4939180616767018,55.25149389209871
plants,brown leaf,0.922168082001825,6.279459282230405,2.1507037317782833,2.955733734439873,5.084642096388359,0.9625408802786808,8.623424994138276,1.0219272471673604,51.83524062282792,7.0130433547451165,65.24035529393495,12.101723728033726,79.13840128259156,23.37969915889913,123.62254633756388,76.31735101204046,106.53643837991189,89.09470921231161,90.10034882017402,96.28407244851165,72.33269066436677,98.75365341441679,58.089112611025904,96.86098272791239,41.432552816647615,90.18443806455335,24.116069947672127,77.40775082006024,13.067797775468483,63.27332202407167,8.249465294075328,49.78188210673579,0.922168082001825,6.279459282230405,0.922168082001825,6.279459282230405,0.922168082001825,6.279459282230405
plants,clover,0.5385737902621628,78.66622172905791,0.7617386550803642,24.539414926724795,24.688015621763746,1.973601569844293,31.341307354901268,0.8355571937743917,89.97846182833781,1.079385741449812,115.446829169105,21.94493008398446,116.79404464153707,28.47239235255984,116.8223818952608,75.83518709600774,115.35092363848594,82.3387131643485,76.8256747380792,123.63105605550145,23.854492467269548,101.66599225416651,4.1978090195128015,84.1445528324935,0.5385737902621628,78.66622172905791,0.5385737902621628,78.66622172905791,0.5385737902621628,78.66622172905791
plants,dandelion,3.1021885149584705e-7,62.00626976173426,1.0867278937051559,50.38206305278267,4.3352882973316165,39.17820354272504,9.641913047683788,28.77942028922955,16.8006041119484,19.56135809860654,25.560443031824366,11.83325590837029,35.587377378069455,5.891283858535524,46.57489478284712,1.934044592460759,58.10466448514732,0.12038253740958282,69.77528236486313,0.4828345380814618,81.16300222130829,3.0181791673098806,91.88171604215552,7.662991111046053,101.5273959333777,14.231902942838865,112.16674409162971,25.560443031824363,118.10871614146448,35.587377378069455,122.06595540753924,46.57489478284712,123.87961746259042,58.10466448514732,123.51716546191852,69.77528236486313,120.98182083269012,81.16300222130829,116.33700888895396,91.88171604215552,109.76809705716113,101.5273959333777,98.43955696817565,112.16674409162971,88.41262262193055,118.10871614146448,77.42510521715289,122.06595540753924,65.89533551485269,123.87961746259042,54.22471763513686,123.51716546191852,42.83699777869171,120.98182083269012,32.11828395784448,116.33700888895396,22.4726040666223,109.76809705716113,11.833255908370294,98.43955696817565,5.891283858535527,88.41262262193055,1.9340445924607617,77.42510521715289,0.12038253740958546,65.89533551485269,3.1021885149584705e-7,62.00626976173426,3.1021885149584705e-7,62.00626976173426,3.1021885149584705e-7,62.00626976173426
plants,leaf,0.922168082001825,6.279459282230405,2.1507037317782833,2.955733734439873,5.084642096388359,0.9625408802786808,8.623424994138276,1.0219272471673604,51.83524062282792,7.0130433547451165,65.24035529393495,12.101723728033726,79.13840128259156,23.37969915889913,123.62254633756388,76.31735101204046,106.53643837991189,89.09470921231161,90.10034882017402,96.28407244851165,72.33269066436677,98.75365341441679,58.089112611025904,96.86098272791239,41.432552816647615,90.18443806455335,24.116069947672127,77.40775082006024,13.067797775468483,63.27332202407167,8.249465294075328,49.78188210673579,0.922168082001825,6.279459282230405,0.922168082001825,6.279459282230405,0.922168082001825,6.279459282230405
plants,maple leaf,0.2925379616281134,51.50771965889274,35.646897187665864,18.919086681155736,59.15889253367548,0.6273523674040007,84.53093741147414,16.207103929384537,120.17038192832315,48.65799162530353,121.94565217391305,71.30208695652139,99.37293109479484,101.12441658816032,61.856547693114585,122.58023756646362,23.254536960128206,102.48586058959786,0.7944725576550193,73.42577035114553,0.613479680600364,69.90862278847037,0.2925379616281134,51.50771965889274,0.2925379616281134,51.50771965889274,0.2925379616281134,51.50771965889274
plants,mushroom,0.6848270070095879,62.23999595542207,4.588201762159398,40.60141445787448,15.865338142502779,21.72659045412526,25.589408729640756,12.758988390959992,37.01623045124508,6.068926450749156,58.357250446729346,0.8089455625283861,71.58124566393076,1.3720539449450133,84.3874077426536,4.730710061185891,103.18644296863638,16.116564346685088,112.10093430187241,25.893467143323047,118.72107316358246,37.35764886855175,123.84425829786028,58.73034271079546,122.94911014543027,67.45322911545904,91.47734766421112,119.40774277396812,88.13042809053785,122.2188499120272,79.53441240061979,123.9454950835437,44.16370386627447,123.9283280432999,35.702151860891206,121.76783184690069,1.3645794468121148,66.5880618298348,0.6848270070095879,62.23999595542207,0.6848270070095879,62.23999595542207,0.6848270070095879,62.23999595542207
plants,pine cone,0.46163579322179515,83.83653645337706,2.8607816074481165,57.108715646300304,16.416111456495898,29.068221762042118,26.845698712605017,15.081653927237607,39.5723321170493,3.9101987226483734,51.61737726418483,0.8991491597567318,61.00334714553177,3.3369142586521914,75.68467295328463,13.46068187695598,88.61811160447863,27.03774484656024,96.81266170383458,42.70377910335928,105.28197144424874,69.32487093248952,105.40210108499744,82.52892141229012,103.09695074408478,93.55037094582991,95.69106762829432,107.57986262238529,81.4188294207141,117.37035256378095,65.2190903803523,122.32051050100132,49.46482433964508,123.38148762403607,33.4597075143671,120.68218322408568,21.94370427109437,114.35106729758402,9.666814968955345,103.53954724637723,0.502962848380536,84.8765442839101,0.46163579322179515,83.83653645337706,0.46163579322179515,83.83653645337706,0.46163579322179515,83.83653645337706
plants,sunflower,1.6564397498086691e-7,77.30611974177235,0.16356247871784033,45.433732115827425,15.956503197397868,17.746478811805748,45.39872806366371,0.1712169573437734,79.68836824655122,0.6308424322318404,107.21285400276972,16.67145987397016,123.81168833801564,45.3368283384275,123.38570823378765,79.65205488355589,107.34660675534528,107.17983484019258,78.6460147497595,123.81122637532683,44.2938007014514,123.36695209885647,16.760830245075613,107.28442646004108,0.17148630285929026,78.58387040623487,1.6564397498086691e-7,77.30611974177235,1.6564397498086691e-7,77.30611974177235,1.6564397498086691e-7,77.30611974177235
sport,8ball,0.6739133469577112,61.332220341668034,1.7370314998712355,49.9608288293382,4.915009673725192,39.00059107817234,10.10632321963836,28.82788101276926,17.10943844696271,19.81018902887945,25.678877293371723,12.250045111307521,35.487835296082686,6.437195429463799,46.23645081138807,2.5659390987876565,57.51547748618967,0.7916803504201866,68.9322583114618,1.1462581044280642,80.0723417336524,3.6265185617884272,90.55801290419416,8.170404210200974,99.99401633736272,14.596563842737956,110.40212880173596,25.678877293372146,116.2149784835797,35.48783529608311,120.08623481425585,46.236450811388494,121.8604935626233,57.51547748619011,121.50586062081788,68.93225831146219,119.02534505077011,80.07234173365279,114.48107789845551,90.55801290419458,108.05451800049178,99.99401633736315,96.97183822637089,110.40212880173638,87.16287631852882,116.21497848358007,76.41460197201695,120.08623481425622,65.13633914428411,121.86049356262367,53.71991560158125,121.50591580861581,42.57983217939064,119.02565535125544,32.09416100884887,114.48176970284291,22.65815757568033,108.05561007030593,12.250045111307088,96.97329661967174,6.43719542946336,87.16433861696078,2.5659390987872177,76.41572310165537,0.7916803504197495,65.13669642685377,0.6739133469577112,61.332220341668034,0.6739133469577112,61.332220341668034,0.6739133469577112,61.332220341668034
sport,baseball,0.6739133469577112,61.332220341668034,1.7370314998712355,49.9608288293382,4.915009673725192,39.00059107817234,10.10632321963836,28.82788101276926,17.10943844696271,19.81018902887945,25.678877293371723,12.250045111307521,35.487835296082686,6.437195429463799,46.23645081138807,2.5659390987876565,57.51547748618967,0.7916803504201866,68.9322583114618,1.1462581044280642,80.0723417336524,3.6265185617884272,90.55801290419416,8.170404210200974,99.99401633736272,14.596563842737956,110.40212880173596,25.678877293372146,116.2149784835797,35.48783529608311,120.08623481425585,46.236450811388494,121.8604935626233,57.51547748619011,121.50586062081788,68.93225831146219,119.02534505077011,80.07234173365279,114.48107789845551,90.55801290419458,108.05451800049178,99.99401633736315,96.97183822637089,110.40212880173638,87.16287631852882,116.21497848358007,76.41460197201695,120.08623481425622,65.13633914428411,121.86049356262367,53.71991560158125,121.50591580861581,42.57983217939064,119.02565535125544,32.09416100884887,114.48176970284291,22.65815757568033,108.05561007030593,12.250045111307088,96.97329661967174,6.43719542946336,87.16433861696078,2.5659390987872177,76.41572310165537,0.7916803504197495,65.13669642685377,0.6739133469577112,61.332220341668034,0.6739133469577112,61.332220341668034,0.6739133469577112,61.332220341668034
sport,basketball,0.6739133469577112,61.31995357137589,1.7370314998712353,49.96082882933822,4.915009673725191,39.000591078172356,10.106323219638357,28.827881012769275,19.810189028879005,17.10943844696316,28.827881012768817,10.106323219638815,39.000591078171894,4.915009673725642,49.96082882933774,1.7370314998716816,61.33222034166758,0.6739133469581517,72.69134508370527,1.7370314998716776,83.65158283487114,4.915009673725634,93.8242929002742,10.106323219638805,105.5427354660803,19.81018902887945,112.54585069340465,28.827881012769268,117.73716423931782,39.00059107817235,120.91514241317176,49.96082882933821,121.97826086956499,61.326086956521955,120.91514241317176,72.69134508370573,117.73716423931782,83.65158283487159,112.54585069340467,93.82429290027466,105.54273546608033,102.84198488416448,96.97329661967132,110.40212880173641,87.16433861696035,116.21497848358013,76.41572310165498,120.08623481425627,65.13669642685338,121.86049356262373,53.719915601581235,121.50591580861587,42.57983217939063,119.0256553512555,32.094161008848864,114.48176970284297,22.658157575680328,108.05561007030596,12.250045111307086,96.9732966196718,6.437195429463359,87.1643386169608,2.5659390987872173,76.41572310165543,0.7916803504197495,65.13669642685383,0.6739133469577112,61.31995357137589,0.6739133469577112,61.31995357137589,0.6739133469577112,61.31995357137589
sport,beachball,0.16223741357542565,60.27030024886393,1.5681818116887685,48.68042294067501,5.068146309311671,37.558159628770774,10.660933715901853,27.31157193770349,20.902603002391807,15.625326180578979,30.29211872765032,8.704290404051813,40.82834460262245,3.676193141523917,52.13735693976521,0.8187211060540316,63.78446044297804,0.10573662950906737,75.36334398610988,1.592175521846818,86.46000704191547,5.199115827260226,99.66613311428058,12.723519416369363,108.36860073306165,20.481803504809157,115.33067910805322,29.849590084708055,120.27232821384563,40.41657327539194,123.11112960587192,51.73594659074913,123.90850356253142,63.3802945055872,122.51025860717631,74.9393770643413,118.97291371948414,86.06018686076843,113.40794002761093,96.3163176596317,106.04217124522783,105.28843693169333,97.12899793213028,112.82643627484761,86.96063538787192,118.56075677919384,75.91004571240391,122.2761546757574,64.33875834890682,123.83084435112028,52.68913128771337,123.15479410906454,41.378252846778835,120.30221615819823,30.8074317364562,115.36979291053632,21.34218420480483,108.54784355581921,13.33196075437607,100.05324820122217,7.058716726783034,90.22302023891585,1.7173964818450174,75.71115554817908,0.17898426583184548,64.16631548071774,0.16223741357542565,60.27030024886393,0.16223741357542565,60.27030024886393,0.16223741357542565,60.27030024886393
sport,football,0.6241066768030166,85.16936399540717,3.1263059244582223,65.70390528893425,11.873531795010017,43.85411529120653,23.34038789587897,27.915347336467477,38.1702908279974,15.02943698851209,59.158986222314006,4.399579914739069,78.31028049629961,0.04876743274689943,97.91554499365012,0.5884459695099887,116.42814129355381,6.993513655994534,121.01564920445011,17.839878160565036,123.68996791774521,33.30470694513706,123.36516590058952,45.10108208655692,120.2386280976674,60.49624767123326,114.39023567064149,75.09336534896329,106.08465290914674,88.44334498327767,98.352577777781,97.35257777777764,86.2422632801628,107.38449634482099,68.92025728482784,116.63648427624048,53.87203438885655,121.16289828066235,38.24221262578166,122.78982665653339,22.63986785479195,121.04261427198884,7.985792039785966,115.42041903142258,3.3982841288896535,104.57288215812724,0.7239654155945344,89.10703097313133,0.6241066768030166,85.16936399540717,0.6241066768030166,85.16936399540717,0.6241066768030166,85.16936399540717
sport,rugby,0.6435461668525733,89.44612402704577,3.2558948339166798,70.3942706866884,11.848803235921814,48.9597243436532,25.209952488525147,30.137696322386887,39.6835754472513,17.445087323472794,59.98696748499245,6.460704792914201,82.38282835960766,0.9432512928182462,101.48914069648102,2.4940874384500695,108.59362037666637,5.445354370914925,114.57485016218845,10.206096827863554,120.14478086657512,20.317319046344604,123.11585221402078,31.462667226540344,123.38711199963397,43.00223540217848,120.14721872407831,58.063432870978374,113.8380272345,72.11424005838632,105.33956260288859,84.97152976051312,95.20486956521599,96.58868888888829,83.48091250029883,106.57518140671183,66.78677581914472,116.19319131446471,52.266649533018395,121.33955896428441,37.0448644569721,123.68173000707135,25.53231174394138,122.95941013609333,14.59138039193504,119.28073969411113,8.389254897644363,114.76731212612233,2.951238011925656,104.6351430684422,0.7796094071679641,93.29977401132882,0.6435461668525733,89.44612402704577,0.6435461668525733,89.44612402704577,0.6435461668525733,89.44612402704577
sport,soccer,0.6739133469577112,61.31995357137589,1.7370314998712353,49.96082882933822,4.915009673725191,39.000591078172356,10.106323219638357,28.827881012769275,19.810189028879005,17.10943844696316,28.827881012768817,10.106323219638815,39.000591078171894,4.915009673725642,49.96082882933774,1.7370314998716816,61.33222034166758,0.6739133469581517,72.69134508370527,1.7370314998716776,83.65158283487114,4.915009673725634,93.8242929002742,10.106323219638805,105.5427354660803,19.81018902887945,112.54585069340465,28.827881012769268,117.73716423931782,39.00059107817235,120.91514241317176,49.96082882933821,121.97826086956499,61.326086956521955,120.91514241317176,72.69134508370573,117.73716423931782,83.65158283487159,112.54585069340467,93.82429290027466,105.54273546608033,102.84198488416448,96.97329661967132,110.40212880173641,87.16433861696035,116.21497848358013,76.41572310165498,120.08623481425627,65.13669642685338,121.86049356262373,53.719915601581235,121.50591580861587,42.57983217939063,119.0256553512555,32.094161008848864,114.48176970284297,22.658157575680328,108.05561007030596,12.250045111307086,96.9732966196718,6.437195429463359,87.1643386169608,2.5659390987872173,76.41572310165543,0.7916803504197495,65.13669642685383,0.6739133469577112,61.31995357137589,0.6739133469577112,61.31995357137589,0.6739133469577112,61.31995357137589
sport,tennis,0.6739133469577112,61.332220341668034,1.7370314998712355,49.9608288293382,4.915009673725192,39.00059107817234,10.10632321963836,28.82788101276926,17.10943844696271,19.81018902887945,25.678877293371723,12.250045111307521,35.487835296082686,6.437195429463799,46.23645081138807,2.5659390987876565,57.51547748618967,0.7916803504201866,68.9322583114618,1.1462581044280642,80.0723417336524,3.6265185617884272,90.55801290419416,8.170404210200974,99.99401633736272,14.596563842737956,110.40212880173596,25.678877293372146,116.2149784835797,35.48783529608311,120.08623481425585,46.236450811388494,121.8604935626233,57.51547748619011,121.50586062081788,68.93225831146219,119.02534505077011,80.07234173365279,114.48107789845551,90.55801290419458,108.05451800049178,99.99401633736315,96.97183822637089,110.40212880173638,87.16287631852882,116.21497848358007,76.41460197201695,120.08623481425622,65.13633914428411,121.86049356262367,53.71991560158125,121.50591580861581,42.57983217939064,119.02565535125544,32.09416100884887,114.48176970284291,22.65815757568033,108.05561007030593,12.250045111307088,96.97329661967174,6.43719542946336,87.16433861696078,2.5659390987872177,76.41572310165537,0.7916803504197495,65.13669642685377,0.6739133469577112,61.332220341668034,0.6739133469577112,61.332220341668034,0.6739133469577112,61.332220341668034
sport,volleyball,3.1021885149584705e-7,62.006269761734245,1.086727893705156,50.382063052782655,4.335288297331617,39.178203542725036,9.641913047683792,28.77942028922954,16.800604111948402,19.561358098606537,25.56044303182437,11.833255908370289,35.58737737806947,5.891283858535522,46.574894782847124,1.9340445924607585,58.10466448514733,0.12038253740958282,69.77528236486316,0.4828345380814617,81.1630022213083,3.0181791673098797,91.88171604215553,7.662991111046051,101.52739593337772,14.231902942838861,112.16674409162974,25.560443031824356,118.10871614146451,35.58737737806945,122.06595540753926,46.57489478284711,123.87961746259045,58.10466448514731,123.51716546191855,69.77528236486312,120.98182083269015,81.16300222130826,116.33700888895399,91.88171604215549,109.76809705716116,101.52739593337768,98.43955696817567,112.16674409162968,88.41262262193058,118.10871614146446,77.4251052171529,122.0659554075392,65.8953355148527,123.87961746259039,54.22471763513688,123.5171654619185,42.83699777869172,120.98182083269009,32.11828395784449,116.33700888895393,22.472604066622303,109.7680970571611,11.833255908370296,98.43955696817562,5.891283858535528,88.41262262193054,1.934044592460762,77.42510521715288,0.12038253740958549,65.89533551485268,3.1021885149584705e-7,62.006269761734245,3.1021885149584705e-7,62.006269761734245,3.1021885149584705e-7,62.006269761734245
vehicles,UFO,0.1019586470572662,32.07025344882525,1.7313525120814743,26.488024256993732,6.421273487333996,22.832577094048872,53.34635673176773,2.368037496094829,68.10571374331144,0.9242584522554722,76.7086140062618,3.413096855697089,84.2593435804429,8.23153865598033,121.25868735243705,43.58992067520849,124.21655527601374,51.764365572071895,118.63529007829862,58.457924426343354,107.35138906419894,62.30991801021388,89.48174961847576,63.94505969030013,65.58988987386218,62.29543830766217,42.128696070571316,57.530817121841196,22.329692894267783,50.66686435505653,9.203647047773668,43.48463582136338,0.9967421953394505,34.93156490933573,0.1019586470572662,32.07025344882525,0.1019586470572662,32.07025344882525,0.1019586470572662,32.07025344882525
vehicles,balloon,0.5539489643002327,36.96308974293257,1.8067721425197343,26.201511331125314,9.402164660206838,14.020202534673048,21.122854383410534,5.592960216474478,34.893424234932496,1.2073751624781832,49.33584193567104,0.2526889856259942,67.02752068307086,3.9290482800263566,79.48283587884197,11.20477857281383,86.68272675637876,19.301908985358473,91.27490749497534,32.88649309121427,89.86549954936194,47.277058236816345,57.15211728210708,123.40426739223858,35.449261373103745,123.61961495490152,33.395591816671946,120.93996205199215,4.602191253939391,54.524323767370895,0.7896530416265479,40.57996593582303,0.5539489643002327,36.96308974293257,0.5539489643002327,36.96308974293257,0.5539489643002327,36.96308974293257
vehicles,copter,0.2550031481332553,56.843328787501655,1.1744893733833337,4.9716159001501,3.8292590088321887,1.4155978933194198,18.864793509847313,0.09259890573212459,70.69768057995286,0.09914062755857751,115.2529414634224,4.358454782810304,122.16821124629637,39.92421178614748,82.37310382723741,110.5631389865062,14.493493958949049,111.30487804878058,7.025660488339875,110.72488765949166,2.8781538506341757,104.84408729686979,0.2550031481332553,56.843328787501655,0.2550031481332553,56.843328787501655,0.2550031481332553,56.843328787501655
vehicles,jet,2.2556391590226923,19.8496298249881,3.760864963615671,13.659701203355988,28.15712968862032,8.793948311401547,116.11648937404675,2.3694257227063247,122.71775251429754,3.003329918470551,125.98549546636023,8.674745949483484,119.68782974709428,97.52950024113612,114.19157533901124,121.00242410387068,111.43917724722351,125.93364561255358,40.886626041667256,122.84888229166656,21.968172151516267,107.52916183818836,5.287529191816429,83.89002030731035,2.2556391590226923,19.8496298249881,2.2556391590226923,19.8496298249881,2.2556391590226923,19.8496298249881
vehicles,plane,0.168169138903977,87.93914043270708,25.904107357636455,13.435526892608047,34.716687875188654,2.5789819835245,38.493565750817645,0.9080514177144324,100.84339556575742,0.5382253265856889,115.2849978168215,8.598066652371015,123.52844041949538,23.53188492002482,122.9926830980412,84.9469364383426,122.17530075840568,88.16271503078677,111.82313021157088,97.45896224027204,36.02145175743043,123.77488459686812,33.96720414034644,123.77488459686812,10.71561709208163,113.25473843986676,0.2853085286069472,89.85763575156717,0.168169138903977,87.93914043270708,0.168169138903977,87.93914043270708,0.168169138903977,87.93914043270708
vehicles,quadcopter,0.02044870082539063,93.50134049700381,0.6344091086867255,25.316390303940235,4.370001282121923,15.604954552891181,15.288563392053668,4.56909197534008,30.1306922986471,0.03865370804494006,93.86930770135294,0.03865370804494006,108.71143660794638,4.569091975340078,119.62999871787812,15.604954552891181,123.97955129917466,30.49865950299619,123.97955129917466,93.50134049700381,119.62999871787812,108.3950454471088,108.71143660794638,119.43090802465991,93.86930770135294,123.96134629195507,24.95872550792056,123.28091098222703,15.288563392053666,119.43090802465991,7.3935994959772335,112.66643379486322,0.6344091086867254,98.68360969605976,0.02044870082539063,93.50134049700381,0.02044870082539063,93.50134049700381,0.02044870082539063,93.50134049700381
vehicles,rocket,0.4618339409720349,119.44186612215839,2.7521512486944966,58.545431554804686,27.957760070917324,36.522098506396866,95.64206179249442,6.892960288419034,109.37972015165653,2.8121382873876017,123.5461091244483,0.7109466801313076,121.91278611767092,14.560599012281878,117.89156332239438,28.321848268366704,88.38770021002915,96.06680290991659,66.32859776343116,121.24111350445929,63.85883313326232,122.89378202261742,0.5446190912590875,123.99845017848298,0.4618339409720349,119.44186612215839,0.4618339409720349,119.44186612215839,0.4618339409720349,119.44186612215839
vehicles,satellite,0.202026876846503,102.0220934433715,0.202026876846503,100.62668292337553,22.2096689513919,23.404019559210155,22.84097120538172,22.228396182173128,23.977494737263438,21.800220828669808,100.62133289231132,0.2381274972826759,101.75580317654656,0.13841394494920678,121.92877907707773,20.295356786842603,122.01053918114029,21.23619228063808,75.187040894882,77.67684453740463,21.119422064473845,121.92615213493356,20.08716562108111,121.92615213493355,5.6487933478339505,107.49141629865355,0.202026876846503,102.0220934433715,0.202026876846503,102.0220934433715,0.202026876846503,102.0220934433715
vehicles,zeppelin,0.44248501470343626,29.906944340524067,4.100759550192108,20.59005194510717,12.335496974558733,14.508775508460392,53.658385927239316,0.4903931657409756,60.49905112601572,0.03754234342039453,122.49440717370679,7.807969349452373,123.92240875831126,10.782784846623686,123.42873504948501,49.961850771222515,69.94807981867308,63.84761904761886,45.935532501818194,63.84761904761886,7.629652154430064,41.058763830321,1.1509252536840553,33.23708311012797,0.44248501470343626,29.906944340524067,0.44248501470343626,29.906944340524067,0.44248501470343626,29.906944340524067
weather,cloud,0.0022296790471258987,46.89443627543597,1.6862133832547532,38.70356249265522,6.308501911927957,31.727055748752605,35.81322323336888,10.911081050450322,79.58004769074057,0.002443785318050118,88.65242514087893,2.019311605894459,96.1808467770148,7.460821657306489,119.8754321263408,33.20719567652252,122.8111044137251,39.02837214324791,123.99999283455534,46.378212599452084,120.37367668677413,58.781772305090456,111.42967552802574,66.81698824077084,104.29507277431878,68.95270383889877,71.2880375583677,71.99749190555468,44.33813022910588,71.93317288146741,14.381168823352755,67.87534974792786,4.106054930636348,60.07831450028469,0.00841219778046165,47.83094077606366,0.0022296790471258987,46.89443627543597,0.0022296790471258987,46.89443627543597,0.0022296790471258987,46.89443627543597
weather,earth,62,0,98.44268564213334,11.840946348753265,120.96550401029953,42.840946348753256,120.96550401029953,81.15905365124674,98.44268564213334,112.15905365124674,62,124,25.557314357866673,112.15905365124674,3.0344959897004813,81.15905365124674,3.034495989700474,42.84094634875327,25.55731435786666,11.840946348753265,62,0,62,0,62,0
weather,fire,0.38867389951794706,63.321264456369,3.0652588247415293,47.61122472859963,12.999801024706377,28.89246363081751,41.206661031035175,7.245380569109611,66.8535631660821,0.47009919756874297,79.77645950919535,9.806321541265504,114.09160700318623,45.65110996738006,117.73877405559458,65.2865288667136,113.9425352016145,86.09710335014492,109.27641421203614,95.66355030428203,99.25364267209866,108.04378880257251,81.46019112446865,119.54659864544507,60.739361857937794,123.95381307330328,39.797996346808134,120.74824470844032,21.37568320851221,110.29410902908356,10.653304316374609,98.5028842656862,5.4448700121208224,89.22683627471505,0.45028238864625625,68.63482326139577,0.38867389951794706,63.321264456369,0.38867389951794706,63.321264456369,0.38867389951794706,63.321264456369
weather,moon,0.6847829170704856,62.308985080591256,1.7650481369664863,50.76664864916589,4.994284023301957,39.629632869755426,10.269328432858888,29.292846835555512,20.1297082067647,17.385397131591233,29.292846835555963,10.269328432858435,39.62963286975587,4.994284023301499,50.76664864916633,1.7650481369660231,62.32144970201762,0.6847829170700166,73.86378613344297,1.7650481369660187,85.00080191285346,4.99428402330149,95.33758794705335,10.269328432858424,107.24503765101764,20.12970820676424,114.36110634975043,29.2928468355555,119.63615075930736,39.6296328697554,122.86538664564284,50.76664864916587,123.94565217391337,62.3152173913042,122.86538664564284,73.86378613344252,119.63615075930736,85.00080191285298,114.36110634975043,95.3375879470529,107.24503765101764,104.50072657584417,98.53738204902137,112.18280829853822,88.5702150462667,118.08941362041168,77.64823476458542,122.02310956932453,66.18728830470639,123.82598539427858,54.586365853220215,123.4656886442383,43.266603666155554,120.94542398595277,32.61180876705666,116.32824985934005,23.02361173012734,109.7984424907944,12.447626484070655,98.53738204902095,6.541021162197192,88.57021504626624,2.6073252132843394,77.64823476458497,0.8044493883302987,66.18728830470593,0.6847829170704856,62.308985080591256,0.6847829170704856,62.308985080591256,0.6847829170704856,62.308985080591256
weather,planet,0.9216825107165363,16.319986186575377,4.237138540987901,9.630850771402658,14.386210314837122,5.380960340451659,61.843445956355204,0.9938456887866778,74.46827773763141,2.8756091851617374,86.13672528299475,9.82343685163607,116.88288327912348,41.725899547580006,122.41625470671731,50.28955619717906,122.69510499162583,57.80482373275913,118.26570422828806,62.85688149679736,108.58385296969313,66.09094988374771,64.37461358905674,70.13237317059762,52.58198322062995,68.46848735434469,40.774522948689025,61.76041182402919,9.320140571503268,31.66957018853003,3.427446873309526,24.379373856470632,0.9302471476727641,17.16100074492532,0.9216825107165363,16.319986186575377,0.9216825107165363,16.319986186575377,0.9216825107165363,16.319986186575377
weather,rain drop,0.012126788530757437,81.59123875734451,1.4877277075071145,71.94603862754172,5.286672113659863,62.966330821404796,42.60772461357418,1.7801875356644876,44.33421176885231,0.982106679435276,86.64328827406871,66.70220578587103,89.99985157660976,82.51869783909214,88.74230849301537,92.17976447582163,85.13714809582603,101.23677101979317,77.18104709634605,111.49907541221515,63.57716905284334,120.2930014201373,51.01841359035695,123.63453485790956,34.81870326053394,122.92592402747624,19.779404809114432,116.88461536594738,9.892046750451156,108.46990783842413,3.0223655008030397,97.46988624218001,0.06820585082885056,84.83865421459649,0.012126788530757437,81.59123875734451,0.012126788530757437,81.59123875734451,0.012126788530757437,81.59123875734451
weather,snowflake,3.1021772883832455e-7,62.00626976173423,1.0867278937040334,50.38206305278264,4.335288297330495,39.17820354272502,9.641913047682669,28.779420289229527,16.80060411194728,19.561358098606522,25.560443031823247,11.833255908370274,35.587377378068346,5.891283858535508,46.574894782846,1.9340445924607443,58.10466448514621,0.12038253740956861,69.77528236486204,0.4828345380814475,81.16300222130718,3.0181791673098655,91.88171604215441,7.662991111046037,101.5273959333766,14.231902942838847,112.16674409162862,25.56044303182434,118.10871614146339,35.587377378069434,122.06595540753814,46.574894782847096,123.87961746258932,58.104664485147296,123.51716546191743,69.7752823648631,120.98182083268902,81.16300222130825,116.33700888895287,91.88171604215547,109.76809705716003,101.52739593337766,98.43955696817454,112.16674409162967,88.41262262192946,118.10871614146444,77.42510521715178,122.06595540753919,65.89533551485158,123.87961746259037,54.224717635135754,123.51716546191848,42.836997778690595,120.98182083269008,32.11828395784337,116.33700888895392,22.47260406662118,109.76809705716109,11.833255908369173,98.43955696817561,5.891283858534405,88.41262262193052,1.9340445924596394,77.42510521715286,0.12038253740846283,65.89533551485266,3.1021772883832455e-7,62.00626976173423,3.1021772883832455e-7,62.00626976173423,3.1021772883832455e-7,62.00626976173423
weather,star,0.8022801545157563,62.268130859706446,17.7758094575383,16.134387542706765,60.42531696013236,0.02498067687747607,105.3777681378922,18.47234836143797,123.00000000000084,60.99999999999998,105.3653635151276,103.50428845277393,60.42531696013236,121.97501932312248,17.806241433391495,105.90499659107509,0.8022801545157563,62.268130859706446,0.8022801545157563,62.268130859706446,0.8022801545157563,62.268130859706446
weather,sun,0.3888975491556437,62.20233708894274,4.823098871444617,39.933117773797576,17.44012134956977,21.053411214301786,39.93288647300827,4.822970696621274,62.20233708891868,0.3888975887867758,84.4659288295871,4.822930175603882,103.34385095702434,17.441015455457705,119.5692111916028,39.93311777379756,123.99996536804728,62.210227088174676,119.56923784439923,84.4715191024457,106.94861939239165,103.33459815589895,84.45616327557458,119.56938978532928,62.194444444446056,123.99999999999977,39.93288647300828,119.56938978532929,21.055989265443507,106.94774373372375,4.822193573954993,84.47151910244571,0.3888975491556437,62.20233708894274,0.3888975491556437,62.20233708894274,0.3888975491556437,62.20233708894274
wildlife,bird,0.40002899756115795,47.583250791941005,33.63699417880213,0.9073633028108796,38.48996174570495,0.3413658835140012,47.91019201022875,2.978669172438565,69.48234144082662,14.166529081137442,123.31496287397482,55.26601392948178,123.61441371235287,60.16520822524699,118.34432463650802,78.99589197045638,94.1639889210687,117.20209219085133,85.64066712575357,122.1278622724065,58.13231859751432,121.68465696670035,3.0160533646606895,51.31133441568673,0.40002899756115795,47.583250791941005,0.40002899756115795,47.583250791941005,0.40002899756115795,47.583250791941005
wildlife,boar,0.5219969040799057,74.68027145757046,1.2146199747229791,1.3926221581166174,5.209639281070232,0.206713283673146,122.38802685351877,1.1832162227666747,123.1570636627078,74.49112678083321,122.01498990662901,93.12896913084737,117.63765500728374,106.37227278697694,107.61540029784518,115.93687892630342,94.47523678708163,120.6666302813081,71.28630949812862,123.26577601724765,43.26161146615818,122.72268356386365,24.86816579619632,119.54590040160497,12.320143276225627,113.4732954208639,6.135571623494847,106.53186403187377,1.694245296758604,93.3248098088911,0.5900260832804239,79.36696877075548,0.5219969040799057,74.68027145757046,0.5219969040799057,74.68027145757046,0.5219969040799057,74.68027145757046
wildlife,elephant,0.685831989290115,46.844662782583086,1.2468217397371497,31.01955477265284,4.337575348072406,15.531922301264386,6.707000210791229,10.84249210250695,15.076457428862902,4.59416265486889,30.331584280502828,0.5450555042838142,46.12674380167488,0.368046852717022,91.86169975282024,10.154079889528484,105.54638836674545,17.890359568809597,114.1673720638764,30.991255669455384,119.92619604123627,56.7057723484837,121.95799741356132,83.00125724901844,103.38589391219085,105.55617597649703,99.0101661143924,108.37466663290783,46.937729182456856,109.46014558969483,36.55692965337623,107.97340350935701,14.0901455212921,101.03359727139258,6.599810021680214,93.81280711874336,3.1356268842433277,78.40508407460922,0.8084650013086524,52.12549829125752,0.685831989290115,46.844662782583086,0.685831989290115,46.844662782583086,0.685831989290115,46.844662782583086
wildlife,fish,0.595798548295555,81.96974526262619,1.2533181760330785,70.00851503177506,28.880580552633248,31.452607276541745,49.66764069682419,14.64333025430422,68.71900208963712,4.8514370464519905,89.6955425017579,0.6241616211437204,123.25849242086267,33.29602293392311,122.05635372221224,99.66674355332171,91.79866109861123,123.44372092130422,81.10378653174459,123.14956463354125,65.69453141325388,118.57187947882579,17.818781766350448,94.44179233851023,0.595798548295555,81.96974526262619,0.595798548295555,81.96974526262619,0.595798548295555,81.96974526262619
wildlife,koala,0.243645316319423,29.304428012775496,3.4702630948696442,15.091379251324767,11.22160667309414,7.455529801276441,18.150227537275505,5.054324428863877,59.99966287627672,0.9937452370444575,101.8525645654691,4.592722345369158,112.43889437858991,7.471920873093245,120.17808855826169,15.1238490533285,123.38658007812504,29.330392117647254,120.53731963174371,43.66645301231715,99.7734978999984,82.99094159943033,87.83993300939352,91.38674987216737,63.637105934448186,99.42743863937386,52.77698644701618,97.927345054406,35.77041797224297,91.37789574614857,23.84235808173732,82.97234956950828,3.078768956314242,43.635113875359266,0.4002119477781846,32.96696353002517,0.243645316319423,29.304428012775496,0.243645316319423,29.304428012775496,0.243645316319423,29.304428012775496
wildlife,monkey,0.7690114393911287,26.37012733976176,1.7973961055278762,18.448451269837935,7.291754200867592,12.713803655398658,49.265771806321034,2.0668505778012305,61.25822746357187,0.6704960072912485,73.26910461980077,2.032420244314703,111.53103045850264,11.118199772873389,118.49654843594706,15.038873893076703,121.86832431106342,22.211644407412354,116.76118111127681,83.76150716203779,108.68523557277501,97.60696944948053,102.64570194237982,102.92169192332463,92.0745289499423,108.7973129507205,69.36726854164507,116.78700550698727,61.409085375629566,117.99987564392985,53.44519631870445,116.83583596244247,34.50852595404482,110.25513775674476,23.53587893811592,105.17362914241208,14.091593886056321,97.65238659280239,7.383477470871528,87.63318136815437,4.2980052260637205,75.9643547667386,0.7690114393911287,26.37012733976176,0.7690114393911287,26.37012733976176,0.7690114393911287,26.37012733976176
wildlife,octopus,0.37217247233132156,91.81315374981632,19.407941742415325,25.41324068114412,24.657572990782832,15.743436078565301,32.731177813476094,8.283196180748078,47.917389421458346,1.8507449688685527,69.87640405900964,0.8030634633534106,85.74178145262911,5.304965754937798,98.73926065171608,15.369635074452606,104.12446858018282,24.95414649652676,123.1731194817117,91.35669352733534,123.01452325915312,117.10029931016635,119.5616550677021,121.27638534369183,108.8612252697111,123.32505936269811,9.818808988934274,123.13187827301421,4.564100982884841,121.53255821053796,0.8626631655878683,117.57145745718213,0.6648464207898186,112.17387022359144,0.37217247233132156,91.81315374981632,0.37217247233132156,91.81315374981632,0.37217247233132156,91.81315374981632
wildlife,panda,0.5722717665200037,22.32612033985466,3.84333768656545,9.828741924458598,10.068957890264656,3.742671577304482,18.191995811329495,0.5875298661752724,101.15840952151974,0.24653952146297087,109.72883510038797,1.7735710614136557,117.06088368566627,6.489412083985292,121.85987308757795,13.74807078519491,123.09747147902058,22.376899564359366,122.98457550642858,79.13457689644659,121.0021650109409,87.66556413032941,116.88111395578845,95.36796311215465,110.99395061427772,101.84543455180804,95.99726375862333,110.80468926440545,68.3072265037864,122.51482037412487,55.32683378240065,122.50364492444223,23.620477955509788,109.01292788577726,12.656290803920102,101.82502227601697,6.767313997342813,95.33286080537354,2.651588044848627,87.61316476379628,0.5765050969356895,74.71278394089225,0.5722717665200037,22.32612033985466,0.5722717665200037,22.32612033985466,0.5722717665200037,22.32612033985466
wildlife,shell,0.8499830029969928,11.97400304610223,4.230550123663065,4.608456849608757,7.814385906890543,2.57771086530299,32.60004447209441,0.2664285893752165,62.19531240073573,5.774665481017954,106.6630951261292,22.650075275562447,112.44963338695658,28.591201069293902,118.26956172770915,39.57705655466975,124.04146027789065,63.797769552139904,124.73225090551207,80.39310636241456,123.44107308604694,92.79048179777706,119.89174197423132,104.72415686861001,115.50279728461356,111.74751019926944,101.6224980420148,120.68170154940194,81.26529889126776,124.1754245712284,60.91001885952787,120.41861057820935,46.406782896671,112.393262226599,37.89786948108859,103.34558204037873,16.050445483945897,64.62819935877184,3.911267119859302,36.69964725401297,1.2029260033840756,16.111833218394672,0.8499830029969928,11.97400304610223,0.8499830029969928,11.97400304610223,0.8499830029969928,11.97400304610223
