Animals,Bird,2.0324015114689686,74.59170475087157,4.094341112528522,59.11027557690909,21.1536076383745,20.64492329230143,26.420123458943902,14.850213407559956,36.15141788781362,8.310385135374855,47.140542729957566,4.159154559114162,58.72443166048927,2.2032891177631555,70.48063275356478,2.3076668103586404,82.02184373050105,4.480793918515143,92.91242623933974,8.86407035645197,102.47536838646889,15.671494895508102,109.47799171331695,25.045065828951085,123.02294363933191,56.540680943545944,125.74016721893224,67.95908996134159,123.68052613694738,87.30709933846842,118.67278484513491,97.94071278879795,111.38003833907695,107.13534126487448,102.33286888806992,114.62836233532263,92.0374330465416,120.26846367775943,69.2740383974793,125.81042926719456,45.95040029315965,123.71285912453556,34.859851298937755,119.77639156118082,24.669995196695503,113.94080292636298,15.775041780957327,106.25945686573345,8.697425209124201,96.9071643851407,2.345376123010879,78.49992759365506,2.0324015114689686,74.59170475087157,2.0324015114689686,74.59170475087157,2.0324015114689686,74.59170475087157
Animals,Boar,2.5219969040799057,76.68027145757046,3.214619974722979,3.3926221581166174,7.209639281070232,2.206713283673146,124.38802685351877,3.1832162227666747,125.1570636627078,76.49112678083321,124.01498990662901,95.12896913084737,119.63765500728374,108.37227278697694,109.61540029784518,117.93687892630342,96.47523678708163,122.6666302813081,73.28630949812862,125.26577601724765,45.26161146615818,124.72268356386365,26.86816579619632,121.54590040160497,14.320143276225627,115.4732954208639,8.135571623494847,108.53186403187377,3.694245296758604,95.3248098088911,2.590026083280424,81.36696877075548,2.5219969040799057,76.68027145757046,2.5219969040799057,76.68027145757046,2.5219969040799057,76.68027145757046
Animals,Elephant,2.685831989290115,55.844662782583086,3.2468217397371495,40.01955477265284,6.337575348072406,24.531922301264387,8.707000210791229,19.842492102506952,17.076457428862902,13.594162654868889,32.331584280502824,9.545055504283814,48.12674380167488,9.368046852717022,93.86169975282024,19.154079889528482,107.54638836674545,26.890359568809597,116.1673720638764,39.991255669455384,121.92619604123627,65.70577234848369,123.95799741356132,92.00125724901844,105.38589391219085,114.55617597649703,101.0101661143924,117.37466663290783,48.937729182456856,118.46014558969483,38.55692965337623,116.97340350935701,16.0901455212921,110.03359727139258,8.599810021680213,102.81280711874336,5.135626884243328,87.40508407460922,2.8084650013086523,61.12549829125752,2.685831989290115,55.844662782583086,2.685831989290115,55.844662782583086,2.685831989290115,55.844662782583086
Animals,Fish,2.595798548295555,83.96974526262619,3.2533181760330785,72.00851503177506,30.880580552633248,33.45260727654174,51.66764069682419,16.64333025430421,70.71900208963712,6.851437046451983,91.6955425017579,2.6241616211437133,125.25849242086267,35.296022933923105,124.05635372221224,101.6667435533217,93.79866109861123,125.44372092130422,83.10378653174459,125.14956463354125,67.69453141325388,120.57187947882579,19.818781766350448,96.44179233851021,2.595798548295555,83.96974526262619,2.595798548295555,83.96974526262619,2.595798548295555,83.96974526262619
Animals,Frog,2.030231624862523,69.9162829620123,5.283282829173958,54.48247343116187,17.93036872218817,26.352619324939315,21.96441419317683,19.565320425247503,32.54770520816329,7.974207986626133,39.582862048652224,4.636132256730683,66.97665212949093,2.064399808122424,90.36429298426326,5.046772305036646,93.92446901433983,6.742282344871558,104.78565849344373,18.06238607204015,109.24187909123631,24.568939899141167,123.41507453082183,56.358059029517484,125.99891649267443,71.90937055647527,125.26541511587232,79.79750716044222,121.69812550572429,91.08091407658469,110.16904199017948,107.06233464279217,93.97980546543218,118.1199814066039,72.62605111609949,125.41444427364812,46.29222490968084,123.3258353456389,32.13564787892416,117.5494860069912,22.31423622915524,110.93041727807568,13.73897889782169,102.71438203189311,7.163611006869764,92.85813743455068,3.1243967996741686,81.7188871900249,2.056116866620436,73.8735438999181,2.030231624862523,69.9162829620123,2.030231624862523,69.9162829620123,2.030231624862523,69.9162829620123
Animals,Koala,2.243645316319423,43.304428012775496,5.470263094869644,29.091379251324767,13.22160667309414,21.45552980127644,20.150227537275505,19.05432442886388,61.99966287627672,14.993745237044457,103.8525645654691,18.592722345369157,114.43889437858991,21.471920873093246,122.17808855826169,29.1238490533285,125.38658007812504,43.33039211764725,122.53731963174371,57.66645301231715,101.7734978999984,96.99094159943033,89.83993300939352,105.38674987216737,65.63710593444819,113.42743863937386,54.77698644701618,111.927345054406,37.77041797224297,105.37789574614857,25.84235808173732,96.97234956950828,5.078768956314242,57.635113875359266,2.4002119477781845,46.96696353002517,2.243645316319423,43.304428012775496,2.243645316319423,43.304428012775496,2.243645316319423,43.304428012775496
Animals,Monkey,2.7690114393911287,31.37012733976176,3.797396105527876,23.448451269837935,9.291754200867592,17.713803655398657,51.265771806321034,7.0668505778012305,63.25822746357187,5.6704960072912485,75.26910461980077,7.032420244314703,113.53103045850264,16.11819977287339,120.49654843594706,20.038873893076705,123.86832431106342,27.211644407412354,118.76118111127681,88.76150716203779,110.68523557277501,102.60696944948053,104.64570194237982,107.92169192332463,94.0745289499423,113.7973129507205,71.36726854164507,121.78700550698727,63.409085375629566,122.99987564392985,55.44519631870445,121.83583596244247,36.50852595404482,115.25513775674476,25.53587893811592,110.17362914241208,16.091593886056323,102.65238659280239,9.383477470871528,92.63318136815437,6.2980052260637205,80.9643547667386,2.7690114393911287,31.37012733976176,2.7690114393911287,31.37012733976176,2.7690114393911287,31.37012733976176
Animals,Octopus,2.3721724723313216,93.81315374981634,21.407941742415325,27.413240681144128,26.657572990782832,17.74343607856531,34.731177813476094,10.283196180748085,49.917389421458346,3.8507449688685598,71.87640405900964,2.8030634633534177,87.74178145262911,7.304965754937805,100.73926065171608,17.369635074452614,106.12446858018282,26.954146496526768,125.1731194817117,93.35669352733535,125.01452325915312,119.10029931016635,121.5616550677021,123.27638534369183,110.8612252697111,125.32505936269811,11.818808988934274,125.13187827301422,6.564100982884841,123.53255821053796,2.8626631655878683,119.57145745718213,2.664846420789819,114.17387022359145,2.3721724723313216,93.81315374981634,2.3721724723313216,93.81315374981634,2.3721724723313216,93.81315374981634
Animals,Panda,2.5722717665200037,24.32612033985466,5.84333768656545,11.828741924458598,12.068957890264656,5.742671577304482,20.191995811329495,2.5875298661752724,103.15840952151974,2.246539521462971,111.72883510038797,3.773571061413656,119.06088368566627,8.489412083985293,123.85987308757795,15.74807078519491,125.09747147902058,24.376899564359366,124.98457550642858,81.13457689644659,123.0021650109409,89.66556413032941,118.88111395578845,97.36796311215465,112.99395061427772,103.84543455180804,97.99726375862333,112.80468926440545,70.3072265037864,124.51482037412487,57.32683378240065,124.50364492444223,25.620477955509788,111.01292788577726,14.656290803920102,103.82502227601697,8.767313997342814,97.33286080537354,4.651588044848626,89.61316476379628,2.5765050969356893,76.71278394089225,2.5722717665200037,24.32612033985466,2.5722717665200037,24.32612033985466,2.5722717665200037,24.32612033985466
Bugs,Ant,28.01684861377983,52.45400811853224,32.95631924531921,29.517692447030917,50.342688627612915,3.782212081084022,53.09193213481015,2.0044998272109353,76.6760070475666,3.0612985783645295,94.11274722854029,28.779379987832314,99.22703674790087,51.64398503249389,96.01845071258215,75.66005152018914,77.417584718401,114.11332978042026,70.87724898738554,122.23346542664032,65.00331601075659,125.84423360297168,58.550551136917704,123.8812217782522,50.5021806671389,114.83101401333145,30.962649714421882,74.89224539317404,28.01684861377983,52.45400811853224,28.01684861377983,52.45400811853224,28.01684861377983,52.45400811853224
Bugs,Bee,5.736913417976979,42.796833976634574,10.733816153626385,32.24533543360265,17.61841002852202,22.828224422529907,26.161599486480917,14.871537091759105,36.04133160567821,8.65780861710904,46.91605421669887,4.391809379150374,58.37056456309177,2.237595613224343,70.04890913007495,2.2769593537849815,81.50365759470029,4.516087990146648,92.34648521106288,8.848267860486633,102.18030259427289,15.125542077175691,110.66397962932152,23.156253622915813,117.48125367936257,32.628028416714095,123.60438172873873,46.91224532458814,125.75859549466477,58.36675567098105,125.71923175410413,70.0451002379642,123.48010311774246,81.49984870258956,119.1479232474025,92.34267631895212,112.87064903071342,102.17649370216215,104.83993748497332,110.66017073721078,95.36816269117503,117.47744478725183,81.08394578330098,123.60057283662796,69.62943543690808,125.754786602554,57.95109086992492,125.71542286199336,46.49634240529953,123.47629422563169,35.65351478893697,119.14411435529173,25.81969740572695,112.86684013860265,17.336020370678302,104.83612859286255,10.51874632063726,95.36435379906425,4.395618271261107,81.08013689119018,2.241404505335062,69.62562654479731,2.2807682458957075,57.94728197781413,4.519896882257363,46.4925335131888,5.736913417976979,42.796833976634574,5.736913417976979,42.796833976634574,5.736913417976979,42.796833976634574
Bugs,Butterfly,6.051342518721874,41.90318405750937,13.249536191025669,28.643630821125534,29.85622401648141,13.245071057417526,43.343552941893876,6.320413060397769,65.66908334273188,2.3914410627623877,97.06864906954618,13.410667971978583,103.6072794257127,16.970682078968736,113.64023485761183,28.35757176902228,120.68105543141772,41.755470830805294,124.63338211350077,56.396660467942,124.05938843453637,79.04670915484846,112.38744557682799,101.68167849464666,102.11532441616077,112.80902710117472,82.22270154734304,123.61977963167473,67.35876691153007,126.35721597209192,25.928313674201,112.28793652906188,19.55230533225538,108.25234941953651,10.415750813404895,96.19391774858595,4.434877541346321,82.26714647665062,2.12135724342345,67.31673565015879,2.657653608505761,59.75203063073546,6.051342518721874,41.90318405750937,6.051342518721874,41.90318405750937,6.051342518721874,41.90318405750937
Bugs,Caterpillar,4.906639235975625,14.066167949718139,5.153136946614201,10.033269870924077,22.47237507581167,2.720545984480694,50.6945333826074,16.98594122058681,57.51366864869459,22.09713092974017,121.50341353367779,91.86173336533363,123.87416058019951,99.95543859090677,123.25188494232057,104.16221860755665,114.13464092921248,117.63599116346589,111.2599457904802,120.4855327061524,91.31317499833926,123.97092690260598,68.72807528026777,116.82286351569704,10.078626369912723,35.643523606237856,6.840524973017368,27.849738012546467,4.906639235975625,14.066167949718139,4.906639235975625,14.066167949718139,4.906639235975625,14.066167949718139
Bugs,Dragonfly,2.1357459659426397,34.59913049561386,6.4230726489218,28.448697080646497,51.359076420191265,9.191591470251845,72.27170061653234,6.691255982180074,121.69842075899052,28.47754112435229,125.93381213963443,34.67575138887902,112.45853965949524,73.80132043156385,79.11107844749765,120.68898659116277,76.41973408902459,122.02355425265867,16.492341825379935,75.90279730988814,2.1589396484562595,36.15864748571728,2.1357459659426397,34.59913049561386,2.1357459659426397,34.59913049561386,2.1357459659426397,34.59913049561386
Bugs,Housefly,14.668537548287176,115.59535752086806,25.7220977499128,4.021252845474724,26.792415451628592,2.7536280887196654,101.32348145060541,2.801348884112068,112.482907387873,103.22125377315302,112.8376958821357,120.46338709977151,111.52188874160177,125.3694499353531,17.987378863061814,125.70274867214306,15.342604725363374,124.15822228485122,14.673032298125287,117.31119188469148,14.668537548287176,115.59535752086806,14.668537548287176,115.59535752086806,14.668537548287176,115.59535752086806
Bugs,Ladybird,5.736913417977014,42.8006428687456,10.733816153626421,32.24914432571367,17.618410028522057,22.83203331464093,26.161599486480952,14.875345983870123,36.04133160567824,8.661617509220061,46.9160542166989,4.395618271261398,58.370564563091804,2.2414045053353675,70.04890913007496,2.2807682458960024,81.50365759470033,4.519896882257676,92.34648521106291,8.85207675259765,102.18030259427292,15.129350969286712,110.66397962932156,23.160062515026837,117.48125367936261,32.631837308825126,123.60438172873877,46.916054216699166,125.7585954946648,58.37056456309206,125.71923175410417,70.04890913007522,123.4801031177425,81.5036575947006,119.14792324740253,92.34648521106314,112.87064903071347,102.18030259427317,104.83993748497336,110.6639796293218,95.36816269117506,117.48125367936285,81.083945783301,123.60438172873899,69.62943543690812,125.75859549466503,57.951090869924954,125.71923175410438,46.49634240529958,123.48010311774274,35.653514788937,119.14792324740276,25.81969740572699,112.87064903071368,17.336020370678337,104.83993748497358,10.518746320637295,95.36816269117527,4.395618271261135,81.08394578330123,2.2414045053350975,69.62943543690834,2.280768245895743,57.95109086992515,4.519896882257402,46.49634240529981,5.736913417977014,42.8006428687456,5.736913417977014,42.8006428687456,5.736913417977014,42.8006428687456
Bugs,Snail,2.915467605960508,43.25809730957491,14.30103050285613,12.103690014313681,31.55655103273983,12.05627996641715,101.53576630796934,40.31887370992952,109.44172805737279,47.52515878499139,117.06626244886567,61.597522910856846,123.5578355746982,111.19231035601537,121.56861793476767,115.25702146737532,41.074921295637985,115.58701086956584,25.477430217550726,112.35218577930046,17.423971863442844,105.39238336076194,12.87855884766932,95.74333945749935,3.210844952128787,48.53550041504582,2.915467605960508,43.25809730957491,2.915467605960508,43.25809730957491,2.915467605960508,43.25809730957491
Bugs,Spider,3.4198249702400965,59.517724127106696,15.528280061403743,26.82796334207834,42.54185937809829,6.028657655322618,75.56973998354874,4.878342705235518,80.65581674380437,5.188549796422333,90.11308104503321,8.822085632569195,116.04717732538604,29.262913858593514,125.7381201845862,66.45857521544195,113.978701162676,99.3501523503559,82.85405575105759,123.07317692114341,15.138427580851989,100.29283888045086,12.401226713818225,96.65718390308166,3.3831089822806355,64.18590521746708,3.4198249702400965,59.517724127106696,3.4198249702400965,59.517724127106696,3.4198249702400965,59.517724127106696
Farmyard,Bunny,11.815366532253655,4.796881512686426,14.454816483774412,3.6429846423357195,115.56519644075934,3.5716651737538996,118.02439036901566,4.967200132028447,108.13799214564935,109.0346561599186,103.55145080102056,118.01644287706493,94.95689363277734,123.29806240276784,89.92953387376085,123.9762818912156,34.745982976185985,123.24300912720246,26.192682004099787,117.87867419036611,23.338286434225893,113.68280693173831,21.137390824370243,103.8167131811423,11.815366532253655,4.796881512686426,11.815366532253655,4.796881512686426,11.815366532253655,4.796881512686426
Farmyard,Cat,3.2643782144433686,88.46319060490367,10.314240287760356,13.767683299367908,12.363620359262303,6.177288285734762,114.04124103111576,5.9293101921395035,116.29716568475294,13.414585762871699,123.37030046334877,88.2245725824022,119.72918927669528,108.29958568280716,80.34981180946333,121.4817177313987,64.55815158264294,122.90691924716731,48.72855184890677,121.88025936680805,7.898964845076715,108.98122666628112,6.1897469243587295,107.056773664623,3.2961047622015855,89.767102537536,3.2643782144433686,88.46319060490367,3.2643782144433686,88.46319060490367,3.2643782144433686,88.46319060490367
Farmyard,Chick,11.015801616886982,75.69199703655929,12.4756723264373,63.77043757231324,31.45187359931477,26.51958070020295,39.63702330448091,17.70426062540983,54.7194020211489,5.989590181215782,58.64139523579929,5.46066354486588,72.70074733814374,5.409582957754793,94.13314923542268,21.81322117017644,100.89942621753136,31.715025948687558,116.61459819574588,63.067548366254435,118.1195228471993,70.94565686303619,118.16458953585547,78.97605919854144,115.54262688507865,90.70238204291789,112.11158842090512,97.97038156916663,104.83268130790069,107.52232106297781,88.42651981848354,118.9414489536746,69.05430531070567,123.8175712169917,49.14896598864299,121.90296631111495,31.133278784639423,113.261868426667,17.605504335094373,98.60426356096282,12.774739099860994,87.58695782281255,11.245969658171996,79.7108430709097,11.015801616886982,75.69199703655929,11.015801616886982,75.69199703655929,11.015801616886982,75.69199703655929
Farmyard,Chicken,9.409787318159736,20.18331476521256,11.771993705877193,13.533409589982785,24.7869688792874,3.634028027441736,30.52015821868341,2.7095186143113565,108.9295550932894,25.730009043054586,114.41914541773633,35.85781275081478,117.96986270002824,51.59672265479072,117.82874369622115,66.2548825189084,114.5627227140507,79.04307103722255,109.75221855373081,88.11518466181445,86.83649378821215,118.47072557543399,76.4674779983261,123.93502071574446,51.68378110426919,123.88258261000448,11.251657733909383,67.15156343658279,9.449294597749955,36.91921973032774,9.409787318159736,20.18331476521256,9.409787318159736,20.18331476521256,9.409787318159736,20.18331476521256
Farmyard,Cow,2.6882468394747647,64.99708592117501,5.173860380504973,9.208169681687426,7.437314976703193,5.031712446947957,120.21785703974874,5.0328292580231,122.47960131587791,9.210704464968341,123.94503053795177,64.98977133523454,120.39493405819476,100.74479185323096,117.27990329032667,110.33909190963621,110.39656039451305,117.72078804012696,101.24336290928446,122.03868590493411,91.25674914747529,123.82058172526797,30.289797645264787,123.18950856752306,20.595926616692093,120.21504875925453,12.363133688725686,114.35620127646393,9.338474351909227,110.28197374776326,6.248337759233809,100.66916905035313,2.6882468394747647,64.99708592117501,2.6882468394747647,64.99708592117501,2.6882468394747647,64.99708592117501
Farmyard,Dog,2.673931431088292,36.872093683229544,4.898148823310882,24.646943268858124,9.196572870991101,17.523225324823734,15.311510061672283,11.887302279624521,26.51232893796212,6.401112929729849,62.729498430371805,2.6793233108982193,98.99712924643653,6.057086295185415,113.6955792936299,13.719372058116123,119.23805379802728,19.92302601833054,122.74471483190736,27.45708210979242,123.8556908804345,48.20634486514546,121.30228296737484,73.06608621480447,118.25760949113572,80.80166483281681,89.78103146922416,110.03530317870332,67.97351568921124,123.06335269335821,59.809648586356296,123.49069746680883,37.861761806411515,110.74712545663732,9.122464968243113,81.73116479518396,5.64719836626421,74.22781218555895,4.069567322228737,66.02660310795247,2.6845030266303236,41.045366536015436,2.673931431088292,36.872093683229544,2.673931431088292,36.872093683229544,2.673931431088292,36.872093683229544
Farmyard,Hamster,2.714168859785808,34.22157160937793,6.109732206599322,18.738053315368226,12.717399230472555,10.387655609578118,21.90004244544486,4.9959680283672565,32.4100284850672,3.398765013942665,101.82643444110147,4.132508314732452,106.88482536482897,5.854911354693223,115.5888858695651,11.952291666666612,121.5280429438159,20.788542576228245,123.9415667528454,31.160446913769825,123.63569148049785,105.74678982175921,122.12397836596159,110.33743875205715,113.76884006127449,118.42630572748381,109.67097460212,120.93286128933099,62.18002900616816,123.91934926647556,14.740272079166727,120.72498785958855,2.980481112442164,108.70563676281279,2.714168859785808,34.22157160937793,2.714168859785808,34.22157160937793,2.714168859785808,34.22157160937793
Farmyard,Horse,23.677948386126097,4.033286756315954,66.04937360342703,2.725991013403757,105.2337829930621,4.177567033417843,98.9190627202081,63.78888830660983,87.1160313801455,111.02443473250474,83.30339074104049,117.45801640547167,77.23370307593392,121.77863326457542,66.2531332174965,123.94753901162275,55.08938711455945,122.93697494600276,48.28624461073119,119.86550994617323,41.740454015733235,110.88146099360611,28.426741081029974,56.29108825795354,23.97785923049683,7.776511068661294,23.677948386126097,4.033286756315954,23.677948386126097,4.033286756315954,23.677948386126097,4.033286756315954
Farmyard,Pig,2.69127897162101,76.454304375288,3.03375944804666,26.979399741524063,6.683616702709889,10.157959309286728,10.504363421380155,9.109665835527267,119.43910514309067,9.271505386384716,122.40201405844383,17.303496333683178,123.9520406448311,30.171964512667987,123.66930145728969,83.92074036773771,118.38253027442158,100.24302640391318,112.89047484912493,106.91973366375818,105.92404283332675,111.99284914377611,89.71639767023913,117.90579916313753,72.55650680292365,120.08303318428966,46.64409203662332,119.47202913547166,29.724131089594472,115.94292927418442,18.05583028635167,110.32698579126735,8.910332668951064,101.22851802561502,5.080559200628215,93.49205612017235,2.7460889678149374,80.77342418014022,2.69127897162101,76.454304375288,2.69127897162101,76.454304375288,2.69127897162101,76.454304375288
Fruit,Apple,13.030164606379053,59.074048295394554,18.135580510127845,9.486232816962175,73.5775281207973,2.677955791639711,107.7558614376344,36.77182129284622,111.87950597932917,44.59377418361041,113.54485872106036,53.315563790804,111.0323294841908,79.7691391376915,103.7174837603969,100.70341313960373,96.85568577741074,112.11338772861376,90.93245830883325,118.73063373292527,83.44477176117269,123.40697415318843,79.06649909873863,123.96572264074871,44.480171958192884,123.75114253056813,36.7203546621803,119.59177498771601,27.99905435662521,109.55710427657436,21.61755661849441,97.86903368861908,15.931300116569654,81.0668900378601,13.23290949904262,63.50487200090547,13.030164606379053,59.074048295394554,13.030164606379053,59.074048295394554,13.030164606379053,59.074048295394554
Fruit,Grapes,5.471728412069183,6.963134604284326,7.059355219356517,3.1049993912552054,11.176827614127562,3.757622527661569,72.26983605699591,20.412660924288407,80.2555351101734,24.464875752058976,105.95971522445824,43.8181099131092,112.26185693665305,50.16929270822746,115.7493581018006,58.41173701899191,122.96385518232108,101.35954035023978,118.69277948348414,113.97168727632342,108.26448129430656,122.26840512481921,99.47458313721997,123.9782533148424,62.82907891770953,123.78621156484122,19.943987282598982,110.39840963709852,11.026219274734043,100.50707093943709,8.756937871533864,91.8533566683658,5.471728412069183,6.963134604284326,5.471728412069183,6.963134604284326,5.471728412069183,6.963134604284326
Fruit,Lemon,2.977066959955046,5.393057899461599,6.893291911564925,3.4876458120428495,85.10829418055403,11.990070681628973,111.66641101570758,41.19582140223112,120.38026311750764,57.91585976081262,124.12616137608134,81.15242878205319,118.43941438079884,118.00821470015802,115.22342441742543,121.1783544493141,77.64710137568085,123.29544273280564,63.7163121397991,120.87012838707724,50.84244707225491,114.97338103014258,9.957531860469974,88.42416051269572,8.098789277467892,84.6809424530806,3.7950078351658125,52.013498550060724,2.977066959955046,5.393057899461599,2.977066959955046,5.393057899461599,2.977066959955046,5.393057899461599
Fruit,Melon,10.730963456729228,67.96305888646165,11.515148581629155,56.79873389757004,14.520639828919984,46.00929275826255,33.38634266335333,6.209770850779957,36.55602103284563,4.570148462413009,82.17951335212075,17.851509163332587,98.54733339939351,26.713632369210625,106.82998278390382,34.239356149230765,113.16561045650963,43.45917612261008,118.32047850578549,57.44977578886168,119.72966922382653,68.55544736268982,118.94666682588685,79.72550562970659,115.9812683531217,90.50938634386503,106.41559121617335,106.45353584607611,98.21094620862932,114.09017570675906,88.62712177302195,119.84041546480694,78.10138046714718,123.68076851508775,67.03828845286196,125.3717156378141,55.85621181500746,124.7215869927281,45.10681610907421,121.65965150198761,29.532910941201983,111.52438570246485,22.295817114142842,102.99224774955644,16.809538556250935,93.22344740679222,10.948638762155529,71.69165432347779,10.730963456729228,67.96305888646165,10.730963456729228,67.96305888646165,10.730963456729228,67.96305888646165
Fruit,Orange,3.197769425856677,21.325124749233527,3.4474815063521893,17.37031985470457,45.463227209191345,4.0621507054799055,58.126034725167116,3.4129928159930785,70.6862799215385,5.357675943584475,99.5267845447437,22.319485564271023,109.15465584775924,30.584028344995463,118.64138421393586,44.581836539765895,123.46286422526768,60.77882499023606,122.34388978992173,81.81677971979455,113.45309366231109,100.93928721181958,98.10036411047818,115.37711565988641,78.47892994270993,123.06347868067408,57.40869753534434,122.89599814870496,37.90412667346491,114.88918818133139,28.163321005013792,106.77017627916764,20.491911767557454,96.64399920884351,13.414983546247212,76.79373949445879,3.197769425856677,21.325124749233527,3.197769425856677,21.325124749233527,3.197769425856677,21.325124749233527
Fruit,Peach,3.3919686613937756,64.65201446255271,4.6101986432721676,18.975936361172366,22.363014805111444,6.93854850039543,38.98500223436576,3.1057563067938645,86.03493679375704,6.440081101978083,94.36640669636706,8.514012822249743,101.8834946587185,12.676152322505066,105.18868274019606,15.4299359290173,120.76414401881739,45.39907537459281,123.92131622583837,62.23807875260872,121.04360166150013,79.09752936068313,109.73540241351044,97.28569779208429,90.10623395247178,113.95593413985705,71.09393971165017,123.58100444027926,45.94325152254972,118.03054119117508,34.10920994123818,112.88779032324292,23.29881971380954,105.85297483803593,14.211710958256232,96.71361686535519,9.526798514257075,89.5050740282908,6.158722565458087,81.59860844862466,3.619243474496476,68.9466472152307,3.3919686613937756,64.65201446255271,3.3919686613937756,64.65201446255271,3.3919686613937756,64.65201446255271
Fruit,Pear,13.869421567045734,7.267990867303423,16.293087985102957,4.76739992322058,19.70935242854633,5.25645637381561,104.90506995247235,53.37073362712494,112.6942227945256,60.71067490934334,116.64506738738213,70.66611898818563,115.39251243441372,84.8640498158518,107.0664928149502,100.70200549235793,94.83522808099274,113.84284890549291,79.03972192924225,122.16990325921412,64.81262093474345,123.60036044792878,51.06679401683576,119.67014377051396,40.08465360217227,110.55350286814074,35.353200606672054,100.93661618841635,14.051996982695217,10.80367121587376,13.869421567045734,7.267990867303423,13.869421567045734,7.267990867303423,13.869421567045734,7.267990867303423
Fruit,Pineapple,17.084234384133076,41.413834604091875,17.985658956578202,23.34050723049768,35.60214780133375,7.4039514589655795,50.27078478352728,4.695899759899888,75.49492370079086,19.234803503638716,109.22686330150037,85.87099245094794,110.6419798429865,98.58093460137871,106.67608520163657,110.73876341587078,100.09141649931831,118.21503540648217,89.8689886688372,123.18780903985407,78.4914425563024,123.56486393156318,67.85308346706833,119.53073050648199,59.398639277218415,111.89595599628674,23.121307325280515,61.17909666111183,17.084234384133076,41.413834604091875,17.084234384133076,41.413834604091875,17.084234384133076,41.413834604091875
Fruit,Strawberry,14.737568697396746,51.11530794855137,15.803630992157686,42.94346622903224,25.175307915616514,15.06261572404398,31.72410751798507,7.701355658923454,67.32656828028601,3.7165920359999376,85.01831879661518,6.004573546855315,108.89119391273803,29.54887458046866,113.30148453015241,36.504326768917785,115.55835942499886,44.39552977702954,114.76088053976312,52.55213376159397,97.72012898736929,107.11607429437572,89.46672001984678,116.12616009104978,74.59864073869261,123.06452734562022,62.701905955578034,120.68136370794521,50.069114496651764,110.18072512204454,20.71020393464098,70.41792010736103,16.74257133043328,63.20985223128256,14.75771283239851,55.23448325684027,14.737568697396746,51.11530794855137,14.737568697396746,51.11530794855137,14.737568697396746,51.11530794855137
Plants,Blossom,2.493918061676702,57.25149389209871,8.209785463993285,38.53337082361177,11.800785531031476,34.07630537400618,48.71039657321255,6.44211738749925,59.41089115436694,2.8243684338381954,72.89825295005627,3.3612887099140623,78.25096947421022,5.395515782129612,117.75506957465552,35.18225148845806,120.92884370500931,39.9436112915726,125.92935567173589,58.85063156653194,111.1998540875048,107.62011144309693,108.45119387852728,112.63936803802167,93.10811310767559,124.35203258459657,87.57851183329723,125.77565546832818,38.739801445102685,125.5059394224696,33.408989197755545,123.42103719188822,22.410275324523365,115.31129295677647,18.72486217535971,110.93624483151109,3.1073305447740154,62.93551544009861,2.493918061676702,57.25149389209871,2.493918061676702,57.25149389209871,2.493918061676702,57.25149389209871
Plants,Branch,6.9080864753327305,57.32179063958273,8.40834544517849,48.89828573008861,35.754069736531164,2.838613752076334,108.14524614467462,8.136049001833124,116.33441849333772,10.68754326101125,121.22966773249863,14.50900882682027,119.06817936885943,22.815631029155647,98.2666731555891,69.88699321208841,72.02886511623748,104.44234393324948,63.09585538787599,110.30694284530557,17.74564820213679,125.04457131553764,13.59557555632085,124.77810447779552,10.740753417474924,121.63068618846194,6.9080864753327305,57.32179063958273,6.9080864753327305,57.32179063958273,6.9080864753327305,57.32179063958273
Plants,Clover,6.538573790262163,80.66622172905795,6.761738655080364,26.53941492672481,30.68801562176374,3.9736015698443006,37.341307354901254,2.835557193774399,95.97846182833779,3.079385741449819,121.44682916910496,23.944930083984474,122.79404464153703,30.472392352559854,122.82238189526076,77.83518709600779,121.3509236384859,84.33871316434855,82.82567473807917,125.63105605550149,29.85449246726954,103.66599225416655,10.1978090195128,86.14455283249353,6.538573790262163,80.66622172905795,6.538573790262163,80.66622172905795,6.538573790262163,80.66622172905795
Plants,Dandelion,2.0000003102188515,64.00626976173425,3.086727893705156,52.382063052782655,6.335288297331617,41.178203542725036,11.641913047683792,30.77942028922954,18.800604111948402,21.561358098606537,27.56044303182437,13.833255908370289,37.58737737806947,7.891283858535522,48.574894782847124,3.9340445924607588,60.10466448514733,2.120382537409583,71.77528236486316,2.4828345380814616,83.1630022213083,5.01817916730988,93.88171604215553,9.66299111104605,103.52739593337772,16.23190294283886,114.16674409162974,27.560443031824356,120.10871614146451,37.58737737806945,124.06595540753926,48.57489478284711,125.87961746259045,60.10466448514731,125.51716546191855,71.77528236486312,122.98182083269015,83.16300222130826,118.33700888895399,93.88171604215549,111.76809705716116,103.52739593337768,100.43955696817567,114.16674409162968,90.41262262193058,120.10871614146446,79.4251052171529,124.0659554075392,67.8953355148527,125.87961746259039,56.22471763513688,125.5171654619185,44.83699777869172,122.98182083269009,34.11828395784449,118.33700888895393,24.472604066622303,111.7680970571611,13.833255908370296,100.43955696817562,7.891283858535528,90.41262262193054,3.9340445924607623,79.42510521715288,2.1203825374095855,67.89533551485268,2.0000003102188515,64.00626976173425,2.0000003102188515,64.00626976173425,2.0000003102188515,64.00626976173425
Plants,Leaf,2.422168082001825,21.279459282230405,3.650703731778284,17.955733734439875,6.584642096388361,15.96254088027868,10.12342499413828,16.021927247167362,53.33524062282794,22.013043354745115,66.74035529393495,27.101723728033726,80.63840128259159,38.37969915889913,125.12254633756393,91.31735101204046,108.03643837991191,104.09470921231161,91.60034882017405,111.28407244851165,73.8326906643668,113.75365341441679,59.589112611025925,111.86098272791239,42.93255281664763,105.18443806455335,25.616069947672138,92.40775082006024,14.567797775468486,78.27332202407166,9.749465294075332,64.7818821067358,2.422168082001825,21.279459282230405,2.422168082001825,21.279459282230405,2.422168082001825,21.279459282230405
Plants,Maple leaf,4.292537961628106,54.50771965889273,39.64689718766585,21.91908668115574,63.158892533675456,3.627352367404008,88.5309374114741,19.20710392938454,124.17038192832311,51.657991625303524,125.945652173913,74.30208695652138,103.37293109479481,104.1244165881603,65.85654769311456,125.58023756646361,27.254536960128192,105.48586058959785,4.794472557655012,76.42577035114553,4.613479680600356,72.90862278847035,4.292537961628106,54.50771965889273,4.292537961628106,54.50771965889273,4.292537961628106,54.50771965889273
Plants,Mushroom,2.684827007009588,64.23999595542205,6.588201762159398,42.60141445787447,17.86533814250278,23.72659045412525,27.589408729640756,14.758988390959983,39.01623045124508,8.06892645074915,60.357250446729346,2.808945562528379,73.58124566393076,3.372053944945006,86.3874077426536,6.730710061185883,105.18644296863638,18.11656434668508,114.10093430187241,27.893467143323036,120.72107316358246,39.35764886855174,125.84425829786028,60.730342710795455,124.94911014543027,69.45322911545902,93.47734766421112,121.40774277396811,90.13042809053785,124.21884991202717,81.53441240061979,125.94549508354368,46.16370386627447,125.92832804329989,37.702151860891206,123.76783184690068,3.364579446812115,68.58806182983479,2.684827007009588,64.23999595542205,2.684827007009588,64.23999595542205,2.684827007009588,64.23999595542205
Plants,Pine cone,11.461635793221795,85.83653645337702,13.860781607448118,59.10871564630028,27.416111456495905,31.06822176204211,37.84569871260503,17.081653927237607,50.572332117049314,5.91019872264838,62.61737726418485,2.899149159756739,72.00334714553179,5.336914258652197,86.68467295328469,15.460681876955983,99.61811160447866,29.037744846560233,107.8126617038346,44.70377910335927,116.28197144424877,71.32487093248949,116.4021010849975,84.52892141229009,114.09695074408481,95.55037094582988,106.69106762829435,109.57986262238526,92.41882942071413,119.3703525637809,76.21909038035233,124.32051050100128,60.4648243396451,125.38148762403603,44.45970751436712,122.68218322408563,32.943704271094376,116.351067297584,20.66681496895535,105.5395472463772,11.502962848380536,86.87654428391008,11.461635793221795,85.83653645337702,11.461635793221795,85.83653645337702,11.461635793221795,85.83653645337702
Plants,Sunflower,2.000000165643975,79.30611974177238,2.1635624787178402,47.43373211582744,17.956503197397872,19.746478811805755,47.39872806366372,2.1712169573437734,81.68836824655125,2.6308424322318404,109.21285400276975,18.671459873970164,125.81168833801567,47.336828338427516,125.38570823378768,81.65205488355592,109.3466067553453,109.17983484019261,80.6460147497595,125.81122637532687,46.29380070145142,125.36695209885652,18.760830245075617,109.28442646004112,2.1714863028592903,80.5838704062349,2.000000165643975,79.30611974177238,2.000000165643975,79.30611974177238,2.000000165643975,79.30611974177238
Space,Alien,5.368242391628364,61.24839851892775,6.242762142600854,50.172969934925305,9.196368578826565,39.46638218532203,14.121015017425306,29.52368368566019,20.838439014358627,20.67517282258144,29.091685615521726,13.244771264674787,38.58813948332928,7.497312529805443,48.99635001325818,3.647123809489285,59.95833419154626,1.8336182371179461,71.06755195927508,2.099982801427463,81.91404571074648,4.440696773049068,92.12858496207386,8.79527481666998,101.3348191052439,14.994560404159657,111.51379391265431,25.744089180772054,117.19928758551634,35.27776587988923,120.9787624335926,45.71365396074144,122.71310144481765,56.68248591804711,122.63338938037947,64.0867864046608,120.02502239875798,74.86113633691912,115.16742743538441,84.84448875640865,106.461128181004,96.8377794154095,84.48413052180524,116.61824178992991,71.63606723155937,123.96816831863048,64.5243862787317,125.96628157463815,57.34862906045883,124.30138788376027,47.52038524215327,119.1373491530691,27.34808644552863,102.91727887358006,11.616352237705778,82.38660919502318,5.650477048514596,64.94156949611903,5.368242391628364,61.24839851892775,5.368242391628364,61.24839851892775,5.368242391628364,61.24839851892775
Space,Earth,64,2,100.44268564213334,13.840946348753265,122.96550401029953,44.840946348753256,122.96550401029953,83.15905365124674,100.44268564213334,114.15905365124674,64,126,27.557314357866673,114.15905365124674,5.034495989700481,83.15905365124674,5.034495989700474,44.84094634875327,27.55731435786666,13.840946348753265,64,2,64,2,64,2
Space,Moon,2.4347829170704856,64.05898508059127,3.5150481369664863,52.516648649165894,6.744284023301957,41.37963286975543,12.019328432858888,31.042846835555515,21.879708206764704,19.13539713159123,31.042846835555967,12.019328432858432,41.37963286975588,6.744284023301494,52.516648649166335,3.5150481369660165,64.07144970201762,2.4347829170700095,75.61378613344297,3.515048136966012,86.75080191285346,6.744284023301484,97.08758794705335,12.019328432858421,108.99503765101764,21.87970820676424,116.11110634975046,31.0428468355555,121.38615075930738,41.379632869755405,124.61538664564284,52.51664864916588,125.69565217391337,64.06521739130422,124.61538664564284,75.61378613344255,121.38615075930738,86.750801912853,116.11110634975046,97.08758794705291,108.99503765101764,106.2507265758442,100.2873820490214,113.93280829853825,90.3202150462667,119.83941362041172,79.39823476458545,123.77310956932456,67.93728830470639,125.5759853942786,56.33636585322022,125.21568864423833,45.01660366615556,122.69542398595281,34.361808767056665,118.07824985934008,24.773611730127342,111.54844249079443,14.197626484070657,100.28738204902098,8.291021162197193,90.32021504626627,4.35732521328434,79.39823476458498,2.5544493883302986,67.93728830470593,2.4347829170704856,64.05898508059127,2.4347829170704856,64.05898508059127,2.4347829170704856,64.05898508059127
Space,Planet,2.9216825107165363,45.31998618657538,6.237138540987901,38.630850771402656,16.386210314837122,34.38096034045166,63.843445956355204,29.993845688786678,76.46827773763141,31.875609185161736,88.13672528299475,38.82343685163607,118.88288327912348,70.72589954758001,124.41625470671731,79.28955619717905,124.69510499162583,86.80482373275913,120.26570422828806,91.85688149679736,110.58385296969313,95.09094988374771,66.37461358905674,99.13237317059762,54.58198322062995,97.46848735434469,42.774522948689025,90.76041182402919,11.320140571503268,60.66957018853003,5.427446873309526,53.379373856470636,2.9302471476727643,46.16100074492532,2.9216825107165363,45.31998618657538,2.9216825107165363,45.31998618657538,2.9216825107165363,45.31998618657538
Space,Rocket,32.447004342379316,93.72556571090001,34.30088056993313,67.47327802406389,52.91815838781035,20.110089262789735,64.50680710941955,2.4152217340863515,75.90804645370278,20.723711218657275,94.30410553477083,68.11912753466152,95.97643304165204,93.47529383921315,63.86480758801885,125.5803919479564,32.447004342379316,93.72556571090001,32.447004342379316,93.72556571090001,32.447004342379316,93.72556571090001
Space,Satellite,2.8435341138538206,66.62955522646615,3.059901936840393,65.35080718979292,65.2200986661945,31.29305184977045,125.83963791761786,65.43892967308139,125.88871604027472,89.52401024968584,63.66968777652654,96.34449905724178,2.8435341138538206,89.38271295650475,2.8435341138538206,66.62955522646615,2.8435341138538206,66.62955522646615,2.8435341138538206,66.62955522646615
Space,Star,3.8022801545157563,65.26813085970645,20.7758094575383,19.134387542706765,63.42531696013236,3.024980676877476,108.3777681378922,21.47234836143797,126.00000000000084,63.99999999999998,108.3653635151276,106.50428845277393,63.42531696013236,124.97501932312248,20.806241433391495,108.90499659107509,3.8022801545157563,65.26813085970645,3.8022801545157563,65.26813085970645,3.8022801545157563,65.26813085970645
Space,Sun,2.3888975491556366,64.20233708894276,6.8230988714446115,41.93311777379758,19.440121349569772,23.053411214301793,41.932886473008274,6.822970696621281,64.20233708891871,2.388897588786783,86.46592882958714,6.822930175603889,105.34385095702439,19.441015455457713,121.56921119160285,41.93311777379757,125.99996536804733,64.21022708817469,121.56923784439928,86.47151910244571,108.94861939239169,105.33459815589896,86.45616327557462,121.56938978532929,64.19444444444608,125.99999999999977,41.93288647300829,121.56938978532929,23.05598926544351,108.94774373372377,6.822193573954988,86.47151910244571,2.3888975491556366,64.20233708894276,2.3888975491556366,64.20233708894276,2.3888975491556366,64.20233708894276
Space,UFO,2.101958647057266,64.07025344882524,3.731352512081475,58.488024256993725,8.421273487333998,54.83257709404887,55.34635673176775,34.36803749609483,70.10571374331147,32.92425845225547,78.70861400626183,35.41309685569709,86.25934358044293,40.23153865598033,123.25868735243708,75.58992067520848,126.21655527601376,83.7643655720719,120.63529007829868,90.45792442634334,109.351389064199,94.30991801021386,91.48174961847579,95.94505969030013,67.58988987386218,94.29543830766215,44.12869607057133,89.53081712184118,24.32969289426779,82.66686435505653,11.203647047773671,75.48463582136338,2.9967421953394506,66.93156490933572,2.101958647057266,64.07025344882524,2.101958647057266,64.07025344882524,2.101958647057266,64.07025344882524
Sport,Baseball,2.673913346957711,63.332220341668034,3.7370314998712355,51.9608288293382,6.915009673725192,41.00059107817234,12.10632321963836,30.82788101276926,19.10943844696271,21.81018902887945,27.678877293371723,14.250045111307521,37.487835296082686,8.437195429463799,48.23645081138807,4.5659390987876565,59.51547748618967,2.7916803504201866,70.9322583114618,3.1462581044280644,82.0723417336524,5.626518561788427,92.55801290419416,10.170404210200974,101.99401633736272,16.596563842737957,112.40212880173596,27.678877293372146,118.2149784835797,37.48783529608311,122.08623481425585,48.236450811388494,123.8604935626233,59.51547748619011,123.50586062081788,70.93225831146219,121.02534505077011,82.07234173365279,116.48107789845551,92.55801290419458,110.05451800049178,101.99401633736315,98.97183822637089,112.40212880173638,89.16287631852882,118.21497848358007,78.41460197201695,122.08623481425622,67.13633914428411,123.86049356262367,55.71991560158125,123.50591580861581,44.57983217939064,121.02565535125544,34.09416100884887,116.48176970284291,24.65815757568033,110.05561007030593,14.250045111307088,98.97329661967174,8.43719542946336,89.16433861696078,4.565939098787218,78.41572310165537,2.7916803504197496,67.13669642685377,2.673913346957711,63.332220341668034,2.673913346957711,63.332220341668034,2.673913346957711,63.332220341668034
Sport,Basketball,2.673913346957711,63.31995357137589,3.737031499871235,51.96082882933822,6.915009673725191,41.000591078172356,12.106323219638357,30.827881012769275,21.810189028879005,19.10943844696316,30.827881012768817,12.106323219638815,41.000591078171894,6.915009673725642,51.96082882933774,3.737031499871682,63.33222034166758,2.6739133469581517,74.69134508370527,3.7370314998716774,85.65158283487114,6.915009673725634,95.8242929002742,12.106323219638805,107.5427354660803,21.81018902887945,114.54585069340465,30.827881012769268,119.73716423931782,41.00059107817235,122.91514241317176,51.96082882933821,123.97826086956499,63.326086956521955,122.91514241317176,74.69134508370573,119.73716423931782,85.65158283487159,114.54585069340467,95.82429290027466,107.54273546608033,104.84198488416448,98.97329661967132,112.40212880173641,89.16433861696035,118.21497848358013,78.41572310165498,122.08623481425627,67.13669642685338,123.86049356262373,55.719915601581235,123.50591580861587,44.57983217939063,121.0256553512555,34.094161008848864,116.48176970284297,24.658157575680328,110.05561007030596,14.250045111307086,98.9732966196718,8.437195429463358,89.1643386169608,4.565939098787217,78.41572310165543,2.7916803504197496,67.13669642685383,2.673913346957711,63.31995357137589,2.673913346957711,63.31995357137589,2.673913346957711,63.31995357137589
Sport,Beachball,2.1622374135754185,62.27030024886392,3.5681818116887616,50.680422940674994,7.068146309311664,39.55815962877077,12.660933715901846,29.311571937703484,22.9026030023918,17.625326180578973,32.29211872765031,10.704290404051811,42.828344602622444,5.676193141523916,54.137356939765205,2.8187211060540314,65.78446044297803,2.1057366295090674,77.36334398610987,3.5921755218468174,88.46000704191547,7.199115827260225,101.66613311428057,14.723519416369362,110.36860073306164,22.481803504809154,117.3306791080532,31.84959008470805,122.27232821384561,42.416573275391926,125.11112960587192,53.73594659074912,125.90850356253142,65.38029450558719,124.5102586071763,76.93937706434129,120.97291371948413,88.06018686076841,115.40794002761092,98.31631765963166,108.04217124522782,107.28843693169331,99.12899793213026,114.82643627484758,88.96063538787192,120.56075677919381,77.9100457124039,124.27615467575737,66.33875834890682,125.83084435112025,54.689131287713366,125.15479410906451,43.37825284677883,122.3022161581982,32.807431736456195,117.36979291053629,23.342184204804823,110.54784355581918,15.331960754376063,102.05324820122216,9.058716726783027,92.22302023891584,3.71739648184501,77.71115554817906,2.1789842658318386,66.16631548071773,2.1622374135754185,62.27030024886392,2.1622374135754185,62.27030024886392,2.1622374135754185,62.27030024886392
Sport,Football,2.6241066768030166,88.16936399540717,5.126305924458222,68.70390528893425,13.873531795010017,46.85411529120653,25.34038789587897,30.915347336467477,40.1702908279974,18.02943698851209,61.158986222314006,7.399579914739069,80.31028049629961,3.0487674327468994,99.91554499365012,3.588445969509989,118.42814129355381,9.993513655994533,123.01564920445011,20.839878160565036,125.68996791774521,36.30470694513706,125.36516590058952,48.10108208655692,122.2386280976674,63.49624767123326,116.39023567064149,78.09336534896329,108.08465290914674,91.44334498327767,100.352577777781,100.35257777777764,88.2422632801628,110.38449634482099,70.92025728482784,119.63648427624048,55.87203438885655,124.16289828066235,40.24221262578166,125.78982665653339,24.63986785479195,124.04261427198884,9.985792039785967,118.42041903142258,5.398284128889653,107.57288215812724,2.7239654155945345,92.10703097313133,2.6241066768030166,88.16936399540717,2.6241066768030166,88.16936399540717,2.6241066768030166,88.16936399540717
Sport,Rugby ball,2.6435461668525733,91.44612402704578,5.255894833916679,72.3942706866884,13.848803235921814,50.95972434365321,27.209952488525147,32.137696322386894,41.6835754472513,19.4450873234728,61.98696748499245,8.460704792914207,84.38282835960766,2.9432512928182533,103.48914069648102,4.494087438450077,110.59362037666637,7.445354370914932,116.57485016218845,12.206096827863561,122.14478086657512,22.31731904634461,125.11585221402078,33.46266722654035,125.38711199963397,45.002235402178485,122.14721872407831,60.06343287097838,115.8380272345,74.11424005838632,107.33956260288859,86.97152976051314,97.20486956521599,98.5886888888883,85.48091250029883,108.57518140671183,68.78677581914472,118.19319131446471,54.266649533018395,123.33955896428441,39.0448644569721,125.68173000707137,27.53231174394138,124.95941013609334,16.59138039193504,121.28073969411113,10.389254897644363,116.76731212612233,4.951238011925656,106.6351430684422,2.779609407167964,95.29977401132882,2.6435461668525733,91.44612402704578,2.6435461668525733,91.44612402704578,2.6435461668525733,91.44612402704578
Sport,Shuttlecock,10.127681358943185,125.44135964205401,40.661399870406626,16.42393682097638,48.22624052497085,7.531215639138973,57.50071562609659,2.88185710329952,67.84186843917226,2.1339985036865983,77.73726613644519,5.32338570240395,85.81761128249948,11.849856520414654,90.92724974225123,20.891690868518868,117.73019961188066,125.19316105870219,11.268041958535012,125.55381124042479,10.127681358943185,125.44135964205401,10.127681358943185,125.44135964205401,10.127681358943185,125.44135964205401
Sport,Soccer ball,2.673913346957711,63.31995357137589,3.737031499871235,51.96082882933822,6.915009673725191,41.000591078172356,12.106323219638357,30.827881012769275,21.810189028879005,19.10943844696316,30.827881012768817,12.106323219638815,41.000591078171894,6.915009673725642,51.96082882933774,3.737031499871682,63.33222034166758,2.6739133469581517,74.69134508370527,3.7370314998716774,85.65158283487114,6.915009673725634,95.8242929002742,12.106323219638805,107.5427354660803,21.81018902887945,114.54585069340465,30.827881012769268,119.73716423931782,41.00059107817235,122.91514241317176,51.96082882933821,123.97826086956499,63.326086956521955,122.91514241317176,74.69134508370573,119.73716423931782,85.65158283487159,114.54585069340467,95.82429290027466,107.54273546608033,104.84198488416448,98.97329661967132,112.40212880173641,89.16433861696035,118.21497848358013,78.41572310165498,122.08623481425627,67.13669642685338,123.86049356262373,55.719915601581235,123.50591580861587,44.57983217939063,121.0256553512555,34.094161008848864,116.48176970284297,24.658157575680328,110.05561007030596,14.250045111307086,98.9732966196718,8.437195429463358,89.1643386169608,4.565939098787217,78.41572310165543,2.7916803504197496,67.13669642685383,2.673913346957711,63.31995357137589,2.673913346957711,63.31995357137589,2.673913346957711,63.31995357137589
Sport,Tennis ball,2.673913346957711,63.332220341668034,3.7370314998712355,51.9608288293382,6.915009673725192,41.00059107817234,12.10632321963836,30.82788101276926,19.10943844696271,21.81018902887945,27.678877293371723,14.250045111307521,37.487835296082686,8.437195429463799,48.23645081138807,4.5659390987876565,59.51547748618967,2.7916803504201866,70.9322583114618,3.1462581044280644,82.0723417336524,5.626518561788427,92.55801290419416,10.170404210200974,101.99401633736272,16.596563842737957,112.40212880173596,27.678877293372146,118.2149784835797,37.48783529608311,122.08623481425585,48.236450811388494,123.8604935626233,59.51547748619011,123.50586062081788,70.93225831146219,121.02534505077011,82.07234173365279,116.48107789845551,92.55801290419458,110.05451800049178,101.99401633736315,98.97183822637089,112.40212880173638,89.16287631852882,118.21497848358007,78.41460197201695,122.08623481425622,67.13633914428411,123.86049356262367,55.71991560158125,123.50591580861581,44.57983217939064,121.02565535125544,34.09416100884887,116.48176970284291,24.65815757568033,110.05561007030593,14.250045111307088,98.97329661967174,8.43719542946336,89.16433861696078,4.565939098787218,78.41572310165537,2.7916803504197496,67.13669642685377,2.673913346957711,63.332220341668034,2.673913346957711,63.332220341668034,2.673913346957711,63.332220341668034
Sport,Volleyball,2.0000003102188515,64.00626976173425,3.086727893705156,52.382063052782655,6.335288297331617,41.178203542725036,11.641913047683792,30.77942028922954,18.800604111948402,21.561358098606537,27.56044303182437,13.833255908370289,37.58737737806947,7.891283858535522,48.574894782847124,3.9340445924607588,60.10466448514733,2.120382537409583,71.77528236486316,2.4828345380814616,83.1630022213083,5.01817916730988,93.88171604215553,9.66299111104605,103.52739593337772,16.23190294283886,114.16674409162974,27.560443031824356,120.10871614146451,37.58737737806945,124.06595540753926,48.57489478284711,125.87961746259045,60.10466448514731,125.51716546191855,71.77528236486312,122.98182083269015,83.16300222130826,118.33700888895399,93.88171604215549,111.76809705716116,103.52739593337768,100.43955696817567,114.16674409162968,90.41262262193058,120.10871614146446,79.4251052171529,124.0659554075392,67.8953355148527,125.87961746259039,56.22471763513688,125.5171654619185,44.83699777869172,122.98182083269009,34.11828395784449,118.33700888895393,24.472604066622303,111.7680970571611,13.833255908370296,100.43955696817562,7.891283858535528,90.41262262193054,3.9340445924607623,79.42510521715288,2.1203825374095855,67.89533551485268,2.0000003102188515,64.00626976173425,2.0000003102188515,64.00626976173425,2.0000003102188515,64.00626976173425
Vehicles,Aeroplane,12.604735340182849,47.38286107948305,14.070432257471186,42.86324356609131,49.945922163536586,6.64311149538295,63.526164445174025,2.461799903730281,77.1932214931222,6.449193131462293,112.78873173638232,42.616434561999085,114.51716437443284,47.03918305282363,113.78031714903568,56.8287247616716,84.25280044839855,117.448338592841,63.70495640579321,125.53540435318529,43.10842334540904,117.61916903466717,13.34538492498553,57.17211582723237,12.728089038551035,49.01441018868376,12.604735340182849,47.38286107948305,12.604735340182849,47.38286107948305,12.604735340182849,47.38286107948305
Vehicles,Air rescue,4.503504004632873,5.853912919025559,4.654580523842807,3.8664594770206886,7.9453840914273215,2,123.59317141009318,2,127.2165317680758,3.3154845588300446,127.99290684693418,66.23106828908635,123.1529092684843,119.12808993189525,116.65892097600066,123.88447159279009,108.82834320786795,125.84182205969879,35.85527362646218,125.52740416638608,4.672272195188935,26.318316460533772,4.503504004632873,5.853912919025559,4.503504004632873,5.853912919025559,4.503504004632873,5.853912919025559
Vehicles,Balloon,18.553948964300233,38.96308974293256,19.806772142519733,28.201511331125307,27.402164660206836,16.020202534673047,39.122854383410534,7.592960216474477,52.893424234932496,3.2073751624781828,67.33584193567104,2.252688985625994,85.02752068307086,5.929048280026356,97.48283587884197,13.204778572813826,104.68272675637876,21.30190898535847,109.27490749497534,34.88649309121426,107.86549954936194,49.27705823681633,75.15211728210707,125.40426739223855,53.449261373103745,125.6196149549015,51.395591816671946,122.93996205199213,22.60219125393939,56.52432376737088,18.789653041626547,42.57996593582302,18.553948964300233,38.96308974293256,18.553948964300233,38.96308974293256,18.553948964300233,38.96308974293256
Vehicles,Drone,2.0204487008253906,95.50134049700378,2.6344091086867256,27.31639030394023,6.370001282121924,17.60495455289118,17.28856339205367,6.56909197534008,32.130692298647105,2.03865370804494,95.86930770135294,2.03865370804494,110.71143660794641,6.569091975340078,121.62999871787815,17.60495455289118,125.97955129917469,32.49865950299619,125.97955129917469,95.50134049700378,121.62999871787815,110.3950454471088,110.71143660794641,121.43090802465989,95.86930770135294,125.96134629195504,26.958725507920562,125.28091098222703,17.288563392053668,121.43090802465989,9.393599495977234,114.66643379486322,2.6344091086867256,100.68360969605973,2.0204487008253906,95.50134049700378,2.0204487008253906,95.50134049700378,2.0204487008253906,95.50134049700378
Vehicles,Hang glider,2.0965102300982608,68.95294800583531,12.152579157172157,58.70252190502448,38.521934806312395,41.53480791953358,53.60132159467019,34.048246654258996,64.6341376310099,32.19813622231666,75.62783338598292,34.26437684432606,89.60265843158577,41.447503857840374,115.80379244553265,58.87389344852177,125.91942111017694,69.14865150209639,98.94245270593035,96.75985194918698,28.107718971249685,96.75985194918698,2.8070114792038776,69.75045727647151,2.0965102300982608,68.95294800583531,2.0965102300982608,68.95294800583531,2.0965102300982608,68.95294800583531
Vehicles,Helicopter,3.2550031481332553,65.84332878750166,4.1744893733833335,13.971615900150095,6.829259008832189,10.415597893319413,21.864793509847313,9.092598905732117,73.69768057995286,9.09914062755857,118.25294146342239,13.358454782810298,125.16821124629635,48.92421178614749,85.3731038272374,119.56313898650623,17.493493958949045,120.30487804878062,10.025660488339874,119.7248876594917,5.878153850634176,113.84408729686983,3.2550031481332553,65.84332878750166,3.2550031481332553,65.84332878750166,3.2550031481332553,65.84332878750166
Vehicles,Jet,2.3209668420287812,79.94027175207762,13.175708275118271,61.30421806294771,59.24947191970679,8.692065293423527,64.40414248333195,6.271444615687891,68.21405863571825,8.412267755444162,114.52371463245946,60.91756043369795,125.49289389724247,79.56473635209514,84.74600276080847,118.11048409119093,63.41304132109525,121.2867877582776,43.3116285208824,118.35295600045131,3.0938736179829274,81.22115113412443,2.3209668420287812,79.94027175207762,2.3209668420287812,79.94027175207762,2.3209668420287812,79.94027175207762
Vehicles,Paper plane,2.2149577173849764,59.92282898582033,3.5945661102512525,57.22106777025076,7.331382113504118,55.21478262987004,116.43392256593182,12.988458831608416,122.67850127073201,12.367121584333283,125.53027892624209,15.331675659335662,125.63645275216157,20.57055203790684,107.45470847913502,109.14036501962832,105.88790200716447,113.06287308243984,102.59862185606286,115.62406725105029,47.57025526317973,109.63276514227476,2.638720594624008,60.89909823656365,2.2149577173849764,59.92282898582033,2.2149577173849764,59.92282898582033,2.2149577173849764,59.92282898582033
Vehicles,Zeppelin,2.4424850147034363,61.90694434052407,6.100759550192107,52.59005194510718,14.33549697455873,46.508775508460396,55.6583859272393,32.490393165740976,62.49905112601571,32.0375423434204,124.49440717370676,39.80796934945238,125.92240875831124,42.78278484662369,125.42873504948498,81.96185077122252,71.94807981867307,95.84761904761888,47.93553250181819,95.84761904761888,9.629652154430062,73.058763830321,3.150925253684055,65.23708311012797,2.4424850147034363,61.90694434052407,2.4424850147034363,61.90694434052407,2.4424850147034363,61.90694434052407
Weather,Cloud,2.002229679047126,74.89443627543596,3.686213383254753,66.70356249265522,8.308501911927955,59.727055748752605,37.81322323336887,38.91108105045032,81.58004769074054,28.00244378531805,90.6524251408789,30.01931160589446,98.18084677701478,35.46082165730649,121.87543212634077,61.20719567652252,124.81110441372508,67.0283721432479,125.99999283455531,74.37821259945208,122.3736766867741,86.78177230509046,113.42967552802571,94.81698824077084,106.29507277431875,96.95270383889877,73.28803755836768,99.99749190555468,46.338130229105865,99.93317288146741,16.381168823352752,95.87534974792786,6.106054930636347,88.07831450028469,2.0084121977804616,75.83094077606367,2.002229679047126,74.89443627543596,2.002229679047126,74.89443627543596,2.002229679047126,74.89443627543596
Weather,Fireball,5.388673899517947,65.32126445636902,8.065258824741528,49.61122472859965,17.999801024706372,30.89246363081752,46.20666103103517,9.245380569109614,71.85356316608207,2.470099197568743,84.77645950919532,11.80632154126551,119.0916070031862,47.65110996738008,122.73877405559455,67.28652886671362,118.94253520161448,88.09710335014496,114.27641421203612,97.66355030428207,104.25364267209864,110.04378880257256,86.46019112446865,121.54659864544513,65.73936185793778,125.95381307330334,44.79799634680813,122.74824470844038,26.375683208512203,112.2941090290836,15.653304316374607,100.50288426568626,10.444870012120822,91.2268362747151,5.450282388646256,70.6348232613958,5.388673899517947,65.32126445636902,5.388673899517947,65.32126445636902,5.388673899517947,65.32126445636902
Weather,Lightning,38.13929520613941,72.7251425833824,58.56300460450082,2.0285537996586314,89.70000000000043,2,86.69245315613591,55.39944693879193,40.844955148282196,125.6484778246139,38.13929520613941,72.7251425833824,38.13929520613941,72.7251425833824,38.13929520613941,72.7251425833824
Weather,Raincloud,2.002229679047126,74.89443627543596,3.686213383254753,66.70356249265522,8.308501911927955,59.727055748752605,37.81322323336887,38.91108105045032,81.58004769074054,28.00244378531805,90.6524251408789,30.01931160589446,98.18084677701478,35.46082165730649,121.87543212634077,61.20719567652252,124.81110441372508,67.0283721432479,125.99999283455531,74.37821259945208,122.3736766867741,86.78177230509046,113.42967552802571,94.81698824077084,106.29507277431875,96.95270383889877,73.28803755836768,99.99749190555468,46.338130229105865,99.93317288146741,16.381168823352752,95.87534974792786,6.106054930636347,88.07831450028469,2.0084121977804616,75.83094077606367,2.002229679047126,74.89443627543596,2.002229679047126,74.89443627543596,2.002229679047126,74.89443627543596
Weather,Raindrop,19.012126788530765,83.59123875734451,20.487727707507123,73.94603862754172,24.28667211365987,64.9663308214048,61.607724613574185,3.7801875356644805,63.33421176885232,2.982106679435269,105.64328827406872,68.70220578587103,108.99985157660976,84.51869783909214,107.74230849301539,94.17976447582163,104.13714809582605,103.23677101979317,96.18104709634605,113.49907541221515,82.57716905284335,122.2930014201373,70.01841359035696,125.63453485790956,53.818703260533944,124.92592402747624,38.77940480911444,118.88461536594738,28.892046750451165,110.46990783842412,22.022365500803048,99.46988624218002,19.068205850828857,86.83865421459649,19.012126788530765,83.59123875734451,19.012126788530765,83.59123875734451,19.012126788530765,83.59123875734451
Weather,Snowflake,2.000000310217729,64.00626976173423,3.086727893704033,52.38206305278264,6.335288297330495,41.17820354272502,11.641913047682669,30.779420289229527,18.80060411194728,21.561358098606522,27.560443031823247,13.833255908370274,37.587377378068346,7.891283858535508,48.574894782846,3.9340445924607446,60.10466448514621,2.1203825374095686,71.77528236486204,2.4828345380814474,83.16300222130718,5.0181791673098655,93.88171604215441,9.662991111046036,103.5273959333766,16.231902942838847,114.16674409162862,27.56044303182434,120.10871614146339,37.587377378069434,124.06595540753814,48.574894782847096,125.87961746258932,60.104664485147296,125.51716546191743,71.7752823648631,122.98182083268902,83.16300222130825,118.33700888895287,93.88171604215547,111.76809705716003,103.52739593337766,100.43955696817454,114.16674409162967,90.41262262192946,120.10871614146444,79.42510521715178,124.06595540753919,67.89533551485158,125.87961746259037,56.224717635135754,125.51716546191848,44.836997778690595,122.98182083269008,34.11828395784337,118.33700888895392,24.47260406662118,111.76809705716109,13.833255908369173,100.43955696817561,7.891283858534405,90.41262262193052,3.9340445924596397,79.42510521715286,2.120382537408463,67.89533551485266,2.000000310217729,64.00626976173423,2.000000310217729,64.00626976173423,2.000000310217729,64.00626976173423
Weather,Tornado,2.4752489046005977,35.36135049378805,5.145095719811327,15.062055765739922,7.256639773727972,10.910227724763228,11.77449711345733,7.223817906518039,32.36586207024045,3.2058588181712295,58.071312481494736,4.422257770766858,90.84700732139802,13.233829344364269,118.79907773531303,27.90601551934618,125.36726285080519,34.47586051896826,124.55706612626045,53.111576193729924,121.21615563390685,60.47836762779402,65.83488847842952,119.43894705644877,58.1180561969995,124.65576390135982,50.09222371713785,125.87575004834372,43.122082470868044,121.95105419127222,29.81098715615887,104.40906565276083,16.93186149924002,83.54937401831486,2.4880777992328476,36.525585803681366,2.4752489046005977,35.36135049378805,2.4752489046005977,35.36135049378805,2.4752489046005977,35.36135049378805
Weather,Umbrella,3.969771575927922,70.23227844238245,10.244010375973968,54.115060473068056,21.28711450072271,40.22598458787955,31.409725788380253,32.518449805350244,63.12034101486186,14.226521778106694,97.28247224626242,32.94725987410538,109.08664936963787,42.577894166103135,118.76989913962514,55.9383161571599,124.15080587996093,70.18913342435008,58.9685030313205,112.45631329100598,50.29718647953085,113.84944268222915,41.464030134118715,109.20161958877014,3.969771575927922,70.23227844238245,3.969771575927922,70.23227844238245,3.969771575927922,70.23227844238245
Weather,Wind,2.1733130617666845,64.33439132161448,50.02827108055185,20.562984257626773,76.05751356310097,7.716805323590644,83.9184853517389,6.000175279763091,95.24495874426518,9.89368664685049,115.42811878970471,29.82918631290917,125.97342346381808,68.10510636859635,123.78136825577985,79.98428355899148,107.02595672205982,111.60840129587697,99.10748049642538,118.86846149639771,90.1372749279484,121.65857453384328,79.57963449742479,119.84071004182283,12.915942760315465,85.5040093608485,2.3744959464596858,75.52353506691438,2.1733130617666845,64.33439132161448,2.1733130617666845,64.33439132161448,2.1733130617666845,64.33439132161448
